name,method,path,expected,status,ms,passed,input,response,errors
01. Đăng nhập admin [200],POST,/api/v1/auth/login,200,200,112,True,"{""username"": ""admin"", ""password"": ""[REDACTED]""}","{""access_token"": ""[REDACTED]"", ""refresh_token"": ""[REDACTED]"", ""token_type"": ""[REDACTED]"", ""expires_in"": 1799}",[]
02. Đăng nhập sale01 [200],POST,/api/v1/auth/login,200,200,50,True,"{""username"": ""sale01"", ""password"": ""[REDACTED]""}","{""access_token"": ""[REDACTED]"", ""refresh_token"": ""[REDACTED]"", ""token_type"": ""[REDACTED]"", ""expires_in"": 1799}",[]
03. Đăng nhập khach01 [200],POST,/api/v1/auth/login,200,200,56,True,"{""username"": ""khach01"", ""password"": ""[REDACTED]""}","{""access_token"": ""[REDACTED]"", ""refresh_token"": ""[REDACTED]"", ""token_type"": ""[REDACTED]"", ""expires_in"": 1799}",[]
04. Lấy ID Sale [200],GET,/api/v1/users/me,200,200,5,True,,"{""id"": 2, ""username"": ""sale01"", ""email"": ""sale01@example.com"", ""full_name"": ""Nhân viên Sale 01"", ""phone"": ""0900000002"", ""role"": ""SALE"", ""balance"": ""0.00"", ""status"": ""ACTIVE"", ""last_login_at"": ""2026-09-27T16:26:10.478046Z"", ""created_at"": ""2026-09-27T16:26:07.952004Z""}",[]
05. Tạo khóa duy nhất cho lượt chạy [200],GET,/health,200,200,4,True,,"{""status"": ""ok"", ""database"": ""ok""}",[]
06. Chọn mã nước chưa dùng [200],GET,/api/v1/catalog/countries,200,200,9,True,,"{""items"": [{""id"": 1, ""is_active"": true, ""created_at"": ""2026-09-27T16:26:08.054958Z"", ""updated_at"": ""2026-09-27T16:26:08.054958Z"", ""code"": ""CN"", ""name"": ""Trung Quốc"", ""description"": null}, {""id"": 2, ""is_active"": true, ""created_at"": ""2026-09-27T16:26:08.054958Z"", ""updated_at"": ""2026-09-27T16:26:08.054958Z"", ""code"": ""VN"", ""name"": ""Việt Nam"", ""description"": null}], ""total"": 2, ""offset"": 0, ""limit"": 100}",[]
07. Chọn kỳ kế hoạch chưa có [200],GET,/api/v1/crm/sales-plans,200,200,10,True,,"{""items"": [], ""total"": 0, ""offset"": 0, ""limit"": 100}",[]
01. Nhập đầy đủ thông tin hợp lệ [201],POST,/api/v1/catalog/countries,201,201,15,True,"{""code"": ""AA"", ""name"": ""Danh mục kiểm thử""}","{""id"": 3, ""is_active"": true, ""created_at"": ""2026-09-27T16:26:10.649995Z"", ""updated_at"": ""2026-09-27T16:26:10.649999Z"", ""code"": ""AA"", ""name"": ""Danh mục kiểm thử"", ""description"": null}",[]
02. Quên đăng nhập khi tạo [401],POST,/api/v1/catalog/countries,401,401,2,True,"{""code"": ""AA"", ""name"": ""Danh mục kiểm thử""}","{""detail"": ""Not authenticated""}",[]
03. Token bị sửa sai [401],POST,/api/v1/catalog/countries,401,401,3,True,"{""code"": ""AA"", ""name"": ""Danh mục kiểm thử""}","{""detail"": ""Token không hợp lệ""}",[]
04. Khách hàng thử tạo dữ liệu quản trị [403],POST,/api/v1/catalog/countries,403,403,7,True,"{""code"": ""AA"", ""name"": ""Danh mục kiểm thử""}","{""detail"": ""Bạn không có quyền thực hiện thao tác này""}",[]
05. Bỏ trống toàn bộ form [422],POST,/api/v1/catalog/countries,422,422,6,True,{},"{""detail"": [{""type"": ""missing"", ""loc"": [""body"", ""code""], ""msg"": ""Field required"", ""input"": {}}, {""type"": ""missing"", ""loc"": [""body"", ""name""], ""msg"": ""Field required"", ""input"": {}}]}",[]
06. Nhập sai giá trị hoặc ngày tháng [422],POST,/api/v1/catalog/countries,422,422,7,True,"{""code"": ""123"", ""name"": ""Danh mục kiểm thử""}","{""detail"": ""Mã nước phải gồm 2 chữ cái, ví dụ CN, VN""}",[]
07. Gửi trường lạ từ form [422],POST,/api/v1/catalog/countries,422,422,7,True,"{""code"": ""AA"", ""name"": ""Danh mục kiểm thử"", ""unknown_field"": ""abc""}","{""detail"": [{""type"": ""extra_forbidden"", ""loc"": [""body"", ""unknown_field""], ""msg"": ""Extra inputs are not permitted"", ""input"": ""abc""}]}",[]
08. Để null trường bắt buộc [422],POST,/api/v1/catalog/countries,422,422,7,True,"{""code"": ""AA"", ""name"": null}","{""detail"": [{""type"": ""string_type"", ""loc"": [""body"", ""name""], ""msg"": ""Input should be a valid string"", ""input"": null}]}",[]
09. Bỏ sót trường bắt buộc code [422],POST,/api/v1/catalog/countries,422,422,6,True,"{""name"": ""Danh mục kiểm thử""}","{""detail"": [{""type"": ""missing"", ""loc"": [""body"", ""code""], ""msg"": ""Field required"", ""input"": {""name"": ""Danh mục kiểm thử""}}]}",[]
10. Bấm lưu lần nữa gây trùng dữ liệu [409],POST,/api/v1/catalog/countries,409,409,10,True,"{""code"": ""AA"", ""name"": ""Danh mục kiểm thử""}","{""detail"": ""Dữ liệu bị trùng hoặc vi phạm ràng buộc""}",[]
11. Mở danh sách [200],GET,/api/v1/catalog/countries,200,200,9,True,,"{""items"": [{""id"": 1, ""is_active"": true, ""created_at"": ""2026-09-27T16:26:08.054958Z"", ""updated_at"": ""2026-09-27T16:26:08.054958Z"", ""code"": ""CN"", ""name"": ""Trung Quốc"", ""description"": null}, {""id"": 2, ""is_active"": true, ""created_at"": ""2026-09-27T16:26:08.054958Z"", ""updated_at"": ""2026-09-27T16:26:08.054958Z"", ""code"": ""VN"", ""name"": ""Việt Nam"", ""description"": null}, {""id"": 3, ""is_active"": true, ""created_at"": ""2026-09-27T16:26:10.649995Z"", ""updated_at"": ""2026-09-27T16:26:10.649999Z"", ""code"": ""AA"", ""name"": ""Danh mục kiểm thử"", ""description"": null}], ""total"": 3, ""offset"": 0, ""limit"": 20}",[]
12. Xem với quyền được cấp [200],GET,/api/v1/catalog/countries,200,200,8,True,,"{""items"": [{""id"": 1, ""is_active"": true, ""created_at"": ""2026-09-27T16:26:08.054958Z"", ""updated_at"": ""2026-09-27T16:26:08.054958Z"", ""code"": ""CN"", ""name"": ""Trung Quốc"", ""description"": null}, {""id"": 2, ""is_active"": true, ""created_at"": ""2026-09-27T16:26:08.054958Z"", ""updated_at"": ""2026-09-27T16:26:08.054958Z"", ""code"": ""VN"", ""name"": ""Việt Nam"", ""description"": null}, {""id"": 3, ""is_active"": true, ""created_at"": ""2026-09-27T16:26:10.649995Z"", ""updated_at"": ""2026-09-27T16:26:10.649999Z"", ""code"": ""AA"", ""name"": ""Danh mục kiểm thử"", ""description"": null}], ""total"": 3, ""offset"": 0, ""limit"": 20}",[]
13. Mở khi chưa đăng nhập [401],GET,/api/v1/catalog/countries,401,401,2,True,,"{""detail"": ""Not authenticated""}",[]
14. Dán token lỗi [401],GET,/api/v1/catalog/countries,401,401,2,True,,"{""detail"": ""Token không hợp lệ""}",[]
15. Nhập số trang âm [422],GET,/api/v1/catalog/countries,422,422,6,True,,"{""detail"": [{""type"": ""greater_than_equal"", ""loc"": [""query"", ""offset""], ""msg"": ""Input should be greater than or equal to 0"", ""input"": ""-1"", ""ctx"": {""ge"": 0}}]}",[]
16. Nhập kích thước trang bằng 0 [422],GET,/api/v1/catalog/countries,422,422,7,True,,"{""detail"": [{""type"": ""greater_than_equal"", ""loc"": [""query"", ""limit""], ""msg"": ""Input should be greater than or equal to 1"", ""input"": ""0"", ""ctx"": {""ge"": 1}}]}",[]
17. Nhập quá 100 dòng [422],GET,/api/v1/catalog/countries,422,422,7,True,,"{""detail"": [{""type"": ""less_than_equal"", ""loc"": [""query"", ""limit""], ""msg"": ""Input should be less than or equal to 100"", ""input"": ""101"", ""ctx"": {""le"": 100}}]}",[]
18. Nhập chữ vào số dòng [422],GET,/api/v1/catalog/countries,422,422,7,True,,"{""detail"": [{""type"": ""int_parsing"", ""loc"": [""query"", ""limit""], ""msg"": ""Input should be a valid integer, unable to parse string as an integer"", ""input"": ""abc""}]}",[]
19. Tìm tên không có [200],GET,/api/v1/catalog/countries,200,200,9,True,,"{""items"": [], ""total"": 0, ""offset"": 0, ""limit"": 20}",[]
20. Xem cả dữ liệu đã ngừng dùng [200],GET,/api/v1/catalog/countries,200,200,7,True,,"{""items"": [{""id"": 1, ""is_active"": true, ""created_at"": ""2026-09-27T16:26:08.054958Z"", ""updated_at"": ""2026-09-27T16:26:08.054958Z"", ""code"": ""CN"", ""name"": ""Trung Quốc"", ""description"": null}, {""id"": 2, ""is_active"": true, ""created_at"": ""2026-09-27T16:26:08.054958Z"", ""updated_at"": ""2026-09-27T16:26:08.054958Z"", ""code"": ""VN"", ""name"": ""Việt Nam"", ""description"": null}, {""id"": 3, ""is_active"": true, ""created_at"": ""2026-09-27T16:26:10.649995Z"", ""updated_at"": ""2026-09-27T16:26:10.649999Z"", ""code"": ""AA"", ""name"": ""Danh mục kiểm thử"", ""description"": null}], ""total"": 3, ""offset"": 0, ""limit"": 20}",[]
21. Xem chi tiết vừa tạo [200],GET,/api/v1/catalog/countries/3,200,200,7,True,,"{""id"": 3, ""is_active"": true, ""created_at"": ""2026-09-27T16:26:10.649995Z"", ""updated_at"": ""2026-09-27T16:26:10.649999Z"", ""code"": ""AA"", ""name"": ""Danh mục kiểm thử"", ""description"": null}",[]
22. Sale/khách xem chi tiết được cấp [200],GET,/api/v1/catalog/countries/3,200,200,6,True,,"{""id"": 3, ""is_active"": true, ""created_at"": ""2026-09-27T16:26:10.649995Z"", ""updated_at"": ""2026-09-27T16:26:10.649999Z"", ""code"": ""AA"", ""name"": ""Danh mục kiểm thử"", ""description"": null}",[]
23. Quên token [401],GET,/api/v1/catalog/countries/3,401,401,2,True,,"{""detail"": ""Not authenticated""}",[]
24. Token sai [401],GET,/api/v1/catalog/countries/3,401,401,10,True,,"{""detail"": ""Token không hợp lệ""}",[]
25. ID không tồn tại [404],GET,/api/v1/catalog/countries/9223372036854775806,404,404,6,True,,"{""detail"": ""Không tìm thấy bản ghi danh mục""}",[]
26. ID bằng 0 [422],GET,/api/v1/catalog/countries/0,422,422,4,True,,"{""detail"": [{""type"": ""greater_than"", ""loc"": [""path"", ""record_id""], ""msg"": ""Input should be greater than 0"", ""input"": ""0"", ""ctx"": {""gt"": 0}}]}",[]
27. ID âm [422],GET,/api/v1/catalog/countries/-1,422,422,4,True,,"{""detail"": [{""type"": ""greater_than"", ""loc"": [""path"", ""record_id""], ""msg"": ""Input should be greater than 0"", ""input"": ""-1"", ""ctx"": {""gt"": 0}}]}",[]
28. Gõ chữ vào ID [422],GET,/api/v1/catalog/countries/abc,422,422,5,True,,"{""detail"": [{""type"": ""int_parsing"", ""loc"": [""path"", ""record_id""], ""msg"": ""Input should be a valid integer, unable to parse string as an integer"", ""input"": ""abc""}]}",[]
29. Gõ ID thập phân [422],GET,/api/v1/catalog/countries/1.5,422,422,5,True,,"{""detail"": [{""type"": ""int_parsing"", ""loc"": [""path"", ""record_id""], ""msg"": ""Input should be a valid integer, unable to parse string as an integer"", ""input"": ""1.5""}]}",[]
30. ID vượt BIGINT [422],GET,/api/v1/catalog/countries/9223372036854775808,422,422,10,True,,"{""detail"": [{""type"": ""less_than_equal"", ""loc"": [""path"", ""record_id""], ""msg"": ""Input should be less than or equal to 9223372036854775807"", ""input"": ""9223372036854775808"", ""ctx"": {""le"": 9223372036854775807}}]}",[]
31. Sửa thông tin hợp lệ [200],PATCH,/api/v1/catalog/countries/3,200,200,10,True,"{""name"": ""Danh mục đã sửa""}","{""id"": 3, ""is_active"": true, ""created_at"": ""2026-09-27T16:26:10.649995Z"", ""updated_at"": ""2026-09-27T16:26:11.166153Z"", ""code"": ""AA"", ""name"": ""Danh mục đã sửa"", ""description"": null}",[]
32. Sửa khi chưa đăng nhập [401],PATCH,/api/v1/catalog/countries/3,401,401,1,True,"{""name"": ""Danh mục đã sửa""}","{""detail"": ""Not authenticated""}",[]
33. Sửa với token hỏng [401],PATCH,/api/v1/catalog/countries/3,401,401,2,True,"{""name"": ""Danh mục đã sửa""}","{""detail"": ""Token không hợp lệ""}",[]
34. Khách hàng sửa dữ liệu quản trị [403],PATCH,/api/v1/catalog/countries/3,403,403,4,True,"{""name"": ""Danh mục đã sửa""}","{""detail"": ""Bạn không có quyền thực hiện thao tác này""}",[]
35. Sửa ID không tồn tại [404],PATCH,/api/v1/catalog/countries/9223372036854775806,404,404,4,True,"{""name"": ""Danh mục đã sửa""}","{""detail"": ""Không tìm thấy bản ghi danh mục""}",[]
36. Nhập chữ vào ID sửa [422],PATCH,/api/v1/catalog/countries/abc,422,422,4,True,"{""name"": ""Danh mục đã sửa""}","{""detail"": [{""type"": ""int_parsing"", ""loc"": [""path"", ""record_id""], ""msg"": ""Input should be a valid integer, unable to parse string as an integer"", ""input"": ""abc""}]}",[]
37. Nhập sai giá trị khi sửa [422],PATCH,/api/v1/catalog/countries/3,422,422,6,True,"{""code"": ""123""}","{""detail"": ""Mã nước phải gồm 2 chữ cái, ví dụ CN, VN""}",[]
38. Xóa trắng trường bắt buộc bằng null [422],PATCH,/api/v1/catalog/countries/3,422,422,5,True,"{""name"": null}","{""detail"": [{""type"": ""value_error"", ""loc"": [""body""], ""msg"": ""Value error, name không được null"", ""input"": {""name"": null}, ""ctx"": {""error"": {}}}]}",[]
39. Thêm trường lạ khi sửa [422],PATCH,/api/v1/catalog/countries/3,422,422,4,True,"{""extra_field"": true}","{""detail"": [{""type"": ""extra_forbidden"", ""loc"": [""body"", ""extra_field""], ""msg"": ""Extra inputs are not permitted"", ""input"": true}]}",[]
40. Gửi form không thay đổi [200],PATCH,/api/v1/catalog/countries/3,200,200,11,True,{},"{""id"": 3, ""is_active"": true, ""created_at"": ""2026-09-27T16:26:10.649995Z"", ""updated_at"": ""2026-09-27T16:26:11.295935Z"", ""code"": ""AA"", ""name"": ""Danh mục đã sửa"", ""description"": null}",[]
01. Nhập đầy đủ thông tin hợp lệ [201],POST,/api/v1/catalog/units,201,201,9,True,"{""code"": ""muk165nl_units"", ""name"": ""Danh mục kiểm thử""}","{""id"": 5, ""is_active"": true, ""created_at"": ""2026-09-27T16:26:11.315259Z"", ""updated_at"": ""2026-09-27T16:26:11.315263Z"", ""code"": ""MUK165NL_UNITS"", ""name"": ""Danh mục kiểm thử"", ""description"": null}",[]
02. Quên đăng nhập khi tạo [401],POST,/api/v1/catalog/units,401,401,2,True,"{""code"": ""muk165nl_units"", ""name"": ""Danh mục kiểm thử""}","{""detail"": ""Not authenticated""}",[]
03. Token bị sửa sai [401],POST,/api/v1/catalog/units,401,401,12,True,"{""code"": ""muk165nl_units"", ""name"": ""Danh mục kiểm thử""}","{""detail"": ""Token không hợp lệ""}",[]
04. Khách hàng thử tạo dữ liệu quản trị [403],POST,/api/v1/catalog/units,403,403,6,True,"{""code"": ""muk165nl_units"", ""name"": ""Danh mục kiểm thử""}","{""detail"": ""Bạn không có quyền thực hiện thao tác này""}",[]
05. Bỏ trống toàn bộ form [422],POST,/api/v1/catalog/units,422,422,5,True,{},"{""detail"": [{""type"": ""missing"", ""loc"": [""body"", ""code""], ""msg"": ""Field required"", ""input"": {}}, {""type"": ""missing"", ""loc"": [""body"", ""name""], ""msg"": ""Field required"", ""input"": {}}]}",[]
06. Nhập sai giá trị hoặc ngày tháng [422],POST,/api/v1/catalog/units,422,422,5,True,"{""code"": ""!@#"", ""name"": ""Danh mục kiểm thử""}","{""detail"": [{""type"": ""string_pattern_mismatch"", ""loc"": [""body"", ""code""], ""msg"": ""String should match pattern '^[A-Z0-9][A-Z0-9_.-]{0,49}$'"", ""input"": ""!@#"", ""ctx"": {""pattern"": ""^[A-Z0-9][A-Z0-9_.-]{0,49}$""}}]}",[]
07. Gửi trường lạ từ form [422],POST,/api/v1/catalog/units,422,422,4,True,"{""code"": ""muk165nl_units"", ""name"": ""Danh mục kiểm thử"", ""unknown_field"": ""abc""}","{""detail"": [{""type"": ""extra_forbidden"", ""loc"": [""body"", ""unknown_field""], ""msg"": ""Extra inputs are not permitted"", ""input"": ""abc""}]}",[]
08. Để null trường bắt buộc [422],POST,/api/v1/catalog/units,422,422,5,True,"{""code"": ""muk165nl_units"", ""name"": null}","{""detail"": [{""type"": ""string_type"", ""loc"": [""body"", ""name""], ""msg"": ""Input should be a valid string"", ""input"": null}]}",[]
09. Bỏ sót trường bắt buộc code [422],POST,/api/v1/catalog/units,422,422,5,True,"{""name"": ""Danh mục kiểm thử""}","{""detail"": [{""type"": ""missing"", ""loc"": [""body"", ""code""], ""msg"": ""Field required"", ""input"": {""name"": ""Danh mục kiểm thử""}}]}",[]
10. Bấm lưu lần nữa gây trùng dữ liệu [409],POST,/api/v1/catalog/units,409,409,6,True,"{""code"": ""muk165nl_units"", ""name"": ""Danh mục kiểm thử""}","{""detail"": ""Dữ liệu bị trùng hoặc vi phạm ràng buộc""}",[]
11. Mở danh sách [200],GET,/api/v1/catalog/units,200,200,6,True,,"{""items"": [{""id"": 1, ""is_active"": true, ""created_at"": ""2026-09-27T16:26:08.056369Z"", ""updated_at"": ""2026-09-27T16:26:08.056369Z"", ""code"": ""KG"", ""name"": ""Kilogram"", ""description"": null}, {""id"": 2, ""is_active"": true, ""created_at"": ""2026-09-27T16:26:08.056369Z"", ""updated_at"": ""2026-09-27T16:26:08.056369Z"", ""code"": ""M3"", ""name"": ""Mét khối"", ""description"": null}, {""id"": 3, ""is_active"": true, ""created_at"": ""2026-09-27T16:26:08.056369Z"", ""updated_at"": ""2026-09-27T16:26:08.056369Z"", ""code"": ""ITEM"", ""name"": ""Cái"", ""description"": null}, {""id"": 4, ""is_active"": true, ""created_at"": ""2026-09-27T16:26:08.056369Z"", ""updated_at"": ""2026-09-27T16:26:08.056369Z"", ""code"": ""BOX"", ""name"": ""Thùng"", ""description"": null}, {""id"": 5, ""is_active"": true, ""created_at"": ""2026-09-27T16:26:11.315259Z"", ""updated_at"": ""2026-09-27T16:26:11.315263Z"", ""code"": ""MUK165NL_UNITS"", ""name"": ""Danh mục kiểm thử"", ""description"": null}], ""total"": 5, ""offset"": 0, ""limit"": 20}",[]
12. Xem với quyền được cấp [200],GET,/api/v1/catalog/units,200,200,5,True,,"{""items"": [{""id"": 1, ""is_active"": true, ""created_at"": ""2026-09-27T16:26:08.056369Z"", ""updated_at"": ""2026-09-27T16:26:08.056369Z"", ""code"": ""KG"", ""name"": ""Kilogram"", ""description"": null}, {""id"": 2, ""is_active"": true, ""created_at"": ""2026-09-27T16:26:08.056369Z"", ""updated_at"": ""2026-09-27T16:26:08.056369Z"", ""code"": ""M3"", ""name"": ""Mét khối"", ""description"": null}, {""id"": 3, ""is_active"": true, ""created_at"": ""2026-09-27T16:26:08.056369Z"", ""updated_at"": ""2026-09-27T16:26:08.056369Z"", ""code"": ""ITEM"", ""name"": ""Cái"", ""description"": null}, {""id"": 4, ""is_active"": true, ""created_at"": ""2026-09-27T16:26:08.056369Z"", ""updated_at"": ""2026-09-27T16:26:08.056369Z"", ""code"": ""BOX"", ""name"": ""Thùng"", ""description"": null}, {""id"": 5, ""is_active"": true, ""created_at"": ""2026-09-27T16:26:11.315259Z"", ""updated_at"": ""2026-09-27T16:26:11.315263Z"", ""code"": ""MUK165NL_UNITS"", ""name"": ""Danh mục kiểm thử"", ""description"": null}], ""total"": 5, ""offset"": 0, ""limit"": 20}",[]
13. Mở khi chưa đăng nhập [401],GET,/api/v1/catalog/units,401,401,2,True,,"{""detail"": ""Not authenticated""}",[]
14. Dán token lỗi [401],GET,/api/v1/catalog/units,401,401,2,True,,"{""detail"": ""Token không hợp lệ""}",[]
15. Nhập số trang âm [422],GET,/api/v1/catalog/units,422,422,4,True,,"{""detail"": [{""type"": ""greater_than_equal"", ""loc"": [""query"", ""offset""], ""msg"": ""Input should be greater than or equal to 0"", ""input"": ""-1"", ""ctx"": {""ge"": 0}}]}",[]
16. Nhập kích thước trang bằng 0 [422],GET,/api/v1/catalog/units,422,422,7,True,,"{""detail"": [{""type"": ""greater_than_equal"", ""loc"": [""query"", ""limit""], ""msg"": ""Input should be greater than or equal to 1"", ""input"": ""0"", ""ctx"": {""ge"": 1}}]}",[]
17. Nhập quá 100 dòng [422],GET,/api/v1/catalog/units,422,422,6,True,,"{""detail"": [{""type"": ""less_than_equal"", ""loc"": [""query"", ""limit""], ""msg"": ""Input should be less than or equal to 100"", ""input"": ""101"", ""ctx"": {""le"": 100}}]}",[]
18. Nhập chữ vào số dòng [422],GET,/api/v1/catalog/units,422,422,6,True,,"{""detail"": [{""type"": ""int_parsing"", ""loc"": [""query"", ""limit""], ""msg"": ""Input should be a valid integer, unable to parse string as an integer"", ""input"": ""abc""}]}",[]
19. Tìm tên không có [200],GET,/api/v1/catalog/units,200,200,9,True,,"{""items"": [], ""total"": 0, ""offset"": 0, ""limit"": 20}",[]
20. Xem cả dữ liệu đã ngừng dùng [200],GET,/api/v1/catalog/units,200,200,9,True,,"{""items"": [{""id"": 1, ""is_active"": true, ""created_at"": ""2026-09-27T16:26:08.056369Z"", ""updated_at"": ""2026-09-27T16:26:08.056369Z"", ""code"": ""KG"", ""name"": ""Kilogram"", ""description"": null}, {""id"": 2, ""is_active"": true, ""created_at"": ""2026-09-27T16:26:08.056369Z"", ""updated_at"": ""2026-09-27T16:26:08.056369Z"", ""code"": ""M3"", ""name"": ""Mét khối"", ""description"": null}, {""id"": 3, ""is_active"": true, ""created_at"": ""2026-09-27T16:26:08.056369Z"", ""updated_at"": ""2026-09-27T16:26:08.056369Z"", ""code"": ""ITEM"", ""name"": ""Cái"", ""description"": null}, {""id"": 4, ""is_active"": true, ""created_at"": ""2026-09-27T16:26:08.056369Z"", ""updated_at"": ""2026-09-27T16:26:08.056369Z"", ""code"": ""BOX"", ""name"": ""Thùng"", ""description"": null}, {""id"": 5, ""is_active"": true, ""created_at"": ""2026-09-27T16:26:11.315259Z"", ""updated_at"": ""2026-09-27T16:26:11.315263Z"", ""code"": ""MUK165NL_UNITS"", ""name"": ""Danh mục kiểm thử"", ""description"": null}], ""total"": 5, ""offset"": 0, ""limit"": 20}",[]
21. Xem chi tiết vừa tạo [200],GET,/api/v1/catalog/units/5,200,200,6,True,,"{""id"": 5, ""is_active"": true, ""created_at"": ""2026-09-27T16:26:11.315259Z"", ""updated_at"": ""2026-09-27T16:26:11.315263Z"", ""code"": ""MUK165NL_UNITS"", ""name"": ""Danh mục kiểm thử"", ""description"": null}",[]
22. Sale/khách xem chi tiết được cấp [200],GET,/api/v1/catalog/units/5,200,200,6,True,,"{""id"": 5, ""is_active"": true, ""created_at"": ""2026-09-27T16:26:11.315259Z"", ""updated_at"": ""2026-09-27T16:26:11.315263Z"", ""code"": ""MUK165NL_UNITS"", ""name"": ""Danh mục kiểm thử"", ""description"": null}",[]
23. Quên token [401],GET,/api/v1/catalog/units/5,401,401,1,True,,"{""detail"": ""Not authenticated""}",[]
24. Token sai [401],GET,/api/v1/catalog/units/5,401,401,2,True,,"{""detail"": ""Token không hợp lệ""}",[]
25. ID không tồn tại [404],GET,/api/v1/catalog/units/9223372036854775806,404,404,6,True,,"{""detail"": ""Không tìm thấy bản ghi danh mục""}",[]
26. ID bằng 0 [422],GET,/api/v1/catalog/units/0,422,422,7,True,,"{""detail"": [{""type"": ""greater_than"", ""loc"": [""path"", ""record_id""], ""msg"": ""Input should be greater than 0"", ""input"": ""0"", ""ctx"": {""gt"": 0}}]}",[]
27. ID âm [422],GET,/api/v1/catalog/units/-1,422,422,5,True,,"{""detail"": [{""type"": ""greater_than"", ""loc"": [""path"", ""record_id""], ""msg"": ""Input should be greater than 0"", ""input"": ""-1"", ""ctx"": {""gt"": 0}}]}",[]
28. Gõ chữ vào ID [422],GET,/api/v1/catalog/units/abc,422,422,6,True,,"{""detail"": [{""type"": ""int_parsing"", ""loc"": [""path"", ""record_id""], ""msg"": ""Input should be a valid integer, unable to parse string as an integer"", ""input"": ""abc""}]}",[]
29. Gõ ID thập phân [422],GET,/api/v1/catalog/units/1.5,422,422,18,True,,"{""detail"": [{""type"": ""int_parsing"", ""loc"": [""path"", ""record_id""], ""msg"": ""Input should be a valid integer, unable to parse string as an integer"", ""input"": ""1.5""}]}",[]
30. ID vượt BIGINT [422],GET,/api/v1/catalog/units/9223372036854775808,422,422,6,True,,"{""detail"": [{""type"": ""less_than_equal"", ""loc"": [""path"", ""record_id""], ""msg"": ""Input should be less than or equal to 9223372036854775807"", ""input"": ""9223372036854775808"", ""ctx"": {""le"": 9223372036854775807}}]}",[]
31. Sửa thông tin hợp lệ [200],PATCH,/api/v1/catalog/units/5,200,200,14,True,"{""name"": ""Danh mục đã sửa""}","{""id"": 5, ""is_active"": true, ""created_at"": ""2026-09-27T16:26:11.315259Z"", ""updated_at"": ""2026-09-27T16:26:11.822974Z"", ""code"": ""MUK165NL_UNITS"", ""name"": ""Danh mục đã sửa"", ""description"": null}",[]
32. Sửa khi chưa đăng nhập [401],PATCH,/api/v1/catalog/units/5,401,401,1,True,"{""name"": ""Danh mục đã sửa""}","{""detail"": ""Not authenticated""}",[]
33. Sửa với token hỏng [401],PATCH,/api/v1/catalog/units/5,401,401,2,True,"{""name"": ""Danh mục đã sửa""}","{""detail"": ""Token không hợp lệ""}",[]
34. Khách hàng sửa dữ liệu quản trị [403],PATCH,/api/v1/catalog/units/5,403,403,6,True,"{""name"": ""Danh mục đã sửa""}","{""detail"": ""Bạn không có quyền thực hiện thao tác này""}",[]
35. Sửa ID không tồn tại [404],PATCH,/api/v1/catalog/units/9223372036854775806,404,404,8,True,"{""name"": ""Danh mục đã sửa""}","{""detail"": ""Không tìm thấy bản ghi danh mục""}",[]
36. Nhập chữ vào ID sửa [422],PATCH,/api/v1/catalog/units/abc,422,422,6,True,"{""name"": ""Danh mục đã sửa""}","{""detail"": [{""type"": ""int_parsing"", ""loc"": [""path"", ""record_id""], ""msg"": ""Input should be a valid integer, unable to parse string as an integer"", ""input"": ""abc""}]}",[]
37. Nhập sai giá trị khi sửa [422],PATCH,/api/v1/catalog/units/5,422,422,9,True,"{""code"": ""!@#""}","{""detail"": [{""type"": ""string_pattern_mismatch"", ""loc"": [""body"", ""code""], ""msg"": ""String should match pattern '^[A-Z0-9][A-Z0-9_.-]{0,49}$'"", ""input"": ""!@#"", ""ctx"": {""pattern"": ""^[A-Z0-9][A-Z0-9_.-]{0,49}$""}}]}",[]
38. Xóa trắng trường bắt buộc bằng null [422],PATCH,/api/v1/catalog/units/5,422,422,7,True,"{""name"": null}","{""detail"": [{""type"": ""value_error"", ""loc"": [""body""], ""msg"": ""Value error, name không được null"", ""input"": {""name"": null}, ""ctx"": {""error"": {}}}]}",[]
39. Thêm trường lạ khi sửa [422],PATCH,/api/v1/catalog/units/5,422,422,6,True,"{""extra_field"": true}","{""detail"": [{""type"": ""extra_forbidden"", ""loc"": [""body"", ""extra_field""], ""msg"": ""Extra inputs are not permitted"", ""input"": true}]}",[]
40. Gửi form không thay đổi [200],PATCH,/api/v1/catalog/units/5,200,200,15,True,{},"{""id"": 5, ""is_active"": true, ""created_at"": ""2026-09-27T16:26:11.315259Z"", ""updated_at"": ""2026-09-27T16:26:11.972468Z"", ""code"": ""MUK165NL_UNITS"", ""name"": ""Danh mục đã sửa"", ""description"": null}",[]
01. Nhập đầy đủ thông tin hợp lệ [201],POST,/api/v1/catalog/package-types,201,201,8,True,"{""code"": ""muk165nl_package-types"", ""name"": ""Danh mục kiểm thử""}","{""id"": 4, ""is_active"": true, ""created_at"": ""2026-09-27T16:26:11.995724Z"", ""updated_at"": ""2026-09-27T16:26:11.995727Z"", ""code"": ""MUK165NL_PACKAGE-TYPES"", ""name"": ""Danh mục kiểm thử"", ""description"": null}",[]
02. Quên đăng nhập khi tạo [401],POST,/api/v1/catalog/package-types,401,401,2,True,"{""code"": ""muk165nl_package-types"", ""name"": ""Danh mục kiểm thử""}","{""detail"": ""Not authenticated""}",[]
03. Token bị sửa sai [401],POST,/api/v1/catalog/package-types,401,401,2,True,"{""code"": ""muk165nl_package-types"", ""name"": ""Danh mục kiểm thử""}","{""detail"": ""Token không hợp lệ""}",[]
04. Khách hàng thử tạo dữ liệu quản trị [403],POST,/api/v1/catalog/package-types,403,403,6,True,"{""code"": ""muk165nl_package-types"", ""name"": ""Danh mục kiểm thử""}","{""detail"": ""Bạn không có quyền thực hiện thao tác này""}",[]
05. Bỏ trống toàn bộ form [422],POST,/api/v1/catalog/package-types,422,422,6,True,{},"{""detail"": [{""type"": ""missing"", ""loc"": [""body"", ""code""], ""msg"": ""Field required"", ""input"": {}}, {""type"": ""missing"", ""loc"": [""body"", ""name""], ""msg"": ""Field required"", ""input"": {}}]}",[]
06. Nhập sai giá trị hoặc ngày tháng [422],POST,/api/v1/catalog/package-types,422,422,6,True,"{""code"": ""!@#"", ""name"": ""Danh mục kiểm thử""}","{""detail"": [{""type"": ""string_pattern_mismatch"", ""loc"": [""body"", ""code""], ""msg"": ""String should match pattern '^[A-Z0-9][A-Z0-9_.-]{0,49}$'"", ""input"": ""!@#"", ""ctx"": {""pattern"": ""^[A-Z0-9][A-Z0-9_.-]{0,49}$""}}]}",[]
07. Gửi trường lạ từ form [422],POST,/api/v1/catalog/package-types,422,422,7,True,"{""code"": ""muk165nl_package-types"", ""name"": ""Danh mục kiểm thử"", ""unknown_field"": ""abc""}","{""detail"": [{""type"": ""extra_forbidden"", ""loc"": [""body"", ""unknown_field""], ""msg"": ""Extra inputs are not permitted"", ""input"": ""abc""}]}",[]
08. Để null trường bắt buộc [422],POST,/api/v1/catalog/package-types,422,422,7,True,"{""code"": ""muk165nl_package-types"", ""name"": null}","{""detail"": [{""type"": ""string_type"", ""loc"": [""body"", ""name""], ""msg"": ""Input should be a valid string"", ""input"": null}]}",[]
09. Bỏ sót trường bắt buộc code [422],POST,/api/v1/catalog/package-types,422,422,7,True,"{""name"": ""Danh mục kiểm thử""}","{""detail"": [{""type"": ""missing"", ""loc"": [""body"", ""code""], ""msg"": ""Field required"", ""input"": {""name"": ""Danh mục kiểm thử""}}]}",[]
10. Bấm lưu lần nữa gây trùng dữ liệu [409],POST,/api/v1/catalog/package-types,409,409,12,True,"{""code"": ""muk165nl_package-types"", ""name"": ""Danh mục kiểm thử""}","{""detail"": ""Dữ liệu bị trùng hoặc vi phạm ràng buộc""}",[]
11. Mở danh sách [200],GET,/api/v1/catalog/package-types,200,200,8,True,,"{""items"": [{""id"": 1, ""is_active"": true, ""created_at"": ""2026-09-27T16:26:08.057601Z"", ""updated_at"": ""2026-09-27T16:26:08.057601Z"", ""code"": ""CARTON"", ""name"": ""Thùng carton"", ""description"": null}, {""id"": 2, ""is_active"": true, ""created_at"": ""2026-09-27T16:26:08.057601Z"", ""updated_at"": ""2026-09-27T16:26:08.057601Z"", ""code"": ""PALLET"", ""name"": ""Pallet"", ""description"": null}, {""id"": 3, ""is_active"": true, ""created_at"": ""2026-09-27T16:26:08.057601Z"", ""updated_at"": ""2026-09-27T16:26:08.057601Z"", ""code"": ""BAG"", ""name"": ""Bao"", ""description"": null}, {""id"": 4, ""is_active"": true, ""created_at"": ""2026-09-27T16:26:11.995724Z"", ""updated_at"": ""2026-09-27T16:26:11.995727Z"", ""code"": ""MUK165NL_PACKAGE-TYPES"", ""name"": ""Danh mục kiểm thử"", ""description"": null}], ""total"": 4, ""offset"": 0, ""limit"": 20}",[]
12. Xem với quyền được cấp [200],GET,/api/v1/catalog/package-types,200,200,38,True,,"{""items"": [{""id"": 1, ""is_active"": true, ""created_at"": ""2026-09-27T16:26:08.057601Z"", ""updated_at"": ""2026-09-27T16:26:08.057601Z"", ""code"": ""CARTON"", ""name"": ""Thùng carton"", ""description"": null}, {""id"": 2, ""is_active"": true, ""created_at"": ""2026-09-27T16:26:08.057601Z"", ""updated_at"": ""2026-09-27T16:26:08.057601Z"", ""code"": ""PALLET"", ""name"": ""Pallet"", ""description"": null}, {""id"": 3, ""is_active"": true, ""created_at"": ""2026-09-27T16:26:08.057601Z"", ""updated_at"": ""2026-09-27T16:26:08.057601Z"", ""code"": ""BAG"", ""name"": ""Bao"", ""description"": null}, {""id"": 4, ""is_active"": true, ""created_at"": ""2026-09-27T16:26:11.995724Z"", ""updated_at"": ""2026-09-27T16:26:11.995727Z"", ""code"": ""MUK165NL_PACKAGE-TYPES"", ""name"": ""Danh mục kiểm thử"", ""description"": null}], ""total"": 4, ""offset"": 0, ""limit"": 20}",[]
13. Mở khi chưa đăng nhập [401],GET,/api/v1/catalog/package-types,401,401,7,True,,"{""detail"": ""Not authenticated""}",[]
14. Dán token lỗi [401],GET,/api/v1/catalog/package-types,401,401,2,True,,"{""detail"": ""Token không hợp lệ""}",[]
15. Nhập số trang âm [422],GET,/api/v1/catalog/package-types,422,422,9,True,,"{""detail"": [{""type"": ""greater_than_equal"", ""loc"": [""query"", ""offset""], ""msg"": ""Input should be greater than or equal to 0"", ""input"": ""-1"", ""ctx"": {""ge"": 0}}]}",[]
16. Nhập kích thước trang bằng 0 [422],GET,/api/v1/catalog/package-types,422,422,5,True,,"{""detail"": [{""type"": ""greater_than_equal"", ""loc"": [""query"", ""limit""], ""msg"": ""Input should be greater than or equal to 1"", ""input"": ""0"", ""ctx"": {""ge"": 1}}]}",[]
17. Nhập quá 100 dòng [422],GET,/api/v1/catalog/package-types,422,422,5,True,,"{""detail"": [{""type"": ""less_than_equal"", ""loc"": [""query"", ""limit""], ""msg"": ""Input should be less than or equal to 100"", ""input"": ""101"", ""ctx"": {""le"": 100}}]}",[]
18. Nhập chữ vào số dòng [422],GET,/api/v1/catalog/package-types,422,422,6,True,,"{""detail"": [{""type"": ""int_parsing"", ""loc"": [""query"", ""limit""], ""msg"": ""Input should be a valid integer, unable to parse string as an integer"", ""input"": ""abc""}]}",[]
19. Tìm tên không có [200],GET,/api/v1/catalog/package-types,200,200,7,True,,"{""items"": [], ""total"": 0, ""offset"": 0, ""limit"": 20}",[]
20. Xem cả dữ liệu đã ngừng dùng [200],GET,/api/v1/catalog/package-types,200,200,6,True,,"{""items"": [{""id"": 1, ""is_active"": true, ""created_at"": ""2026-09-27T16:26:08.057601Z"", ""updated_at"": ""2026-09-27T16:26:08.057601Z"", ""code"": ""CARTON"", ""name"": ""Thùng carton"", ""description"": null}, {""id"": 2, ""is_active"": true, ""created_at"": ""2026-09-27T16:26:08.057601Z"", ""updated_at"": ""2026-09-27T16:26:08.057601Z"", ""code"": ""PALLET"", ""name"": ""Pallet"", ""description"": null}, {""id"": 3, ""is_active"": true, ""created_at"": ""2026-09-27T16:26:08.057601Z"", ""updated_at"": ""2026-09-27T16:26:08.057601Z"", ""code"": ""BAG"", ""name"": ""Bao"", ""description"": null}, {""id"": 4, ""is_active"": true, ""created_at"": ""2026-09-27T16:26:11.995724Z"", ""updated_at"": ""2026-09-27T16:26:11.995727Z"", ""code"": ""MUK165NL_PACKAGE-TYPES"", ""name"": ""Danh mục kiểm thử"", ""description"": null}], ""total"": 4, ""offset"": 0, ""limit"": 20}",[]
21. Xem chi tiết vừa tạo [200],GET,/api/v1/catalog/package-types/4,200,200,5,True,,"{""id"": 4, ""is_active"": true, ""created_at"": ""2026-09-27T16:26:11.995724Z"", ""updated_at"": ""2026-09-27T16:26:11.995727Z"", ""code"": ""MUK165NL_PACKAGE-TYPES"", ""name"": ""Danh mục kiểm thử"", ""description"": null}",[]
22. Sale/khách xem chi tiết được cấp [200],GET,/api/v1/catalog/package-types/4,200,200,7,True,,"{""id"": 4, ""is_active"": true, ""created_at"": ""2026-09-27T16:26:11.995724Z"", ""updated_at"": ""2026-09-27T16:26:11.995727Z"", ""code"": ""MUK165NL_PACKAGE-TYPES"", ""name"": ""Danh mục kiểm thử"", ""description"": null}",[]
23. Quên token [401],GET,/api/v1/catalog/package-types/4,401,401,2,True,,"{""detail"": ""Not authenticated""}",[]
24. Token sai [401],GET,/api/v1/catalog/package-types/4,401,401,3,True,,"{""detail"": ""Token không hợp lệ""}",[]
25. ID không tồn tại [404],GET,/api/v1/catalog/package-types/9223372036854775806,404,404,5,True,,"{""detail"": ""Không tìm thấy bản ghi danh mục""}",[]
26. ID bằng 0 [422],GET,/api/v1/catalog/package-types/0,422,422,5,True,,"{""detail"": [{""type"": ""greater_than"", ""loc"": [""path"", ""record_id""], ""msg"": ""Input should be greater than 0"", ""input"": ""0"", ""ctx"": {""gt"": 0}}]}",[]
27. ID âm [422],GET,/api/v1/catalog/package-types/-1,422,422,4,True,,"{""detail"": [{""type"": ""greater_than"", ""loc"": [""path"", ""record_id""], ""msg"": ""Input should be greater than 0"", ""input"": ""-1"", ""ctx"": {""gt"": 0}}]}",[]
28. Gõ chữ vào ID [422],GET,/api/v1/catalog/package-types/abc,422,422,5,True,,"{""detail"": [{""type"": ""int_parsing"", ""loc"": [""path"", ""record_id""], ""msg"": ""Input should be a valid integer, unable to parse string as an integer"", ""input"": ""abc""}]}",[]
29. Gõ ID thập phân [422],GET,/api/v1/catalog/package-types/1.5,422,422,4,True,,"{""detail"": [{""type"": ""int_parsing"", ""loc"": [""path"", ""record_id""], ""msg"": ""Input should be a valid integer, unable to parse string as an integer"", ""input"": ""1.5""}]}",[]
30. ID vượt BIGINT [422],GET,/api/v1/catalog/package-types/9223372036854775808,422,422,4,True,,"{""detail"": [{""type"": ""less_than_equal"", ""loc"": [""path"", ""record_id""], ""msg"": ""Input should be less than or equal to 9223372036854775807"", ""input"": ""9223372036854775808"", ""ctx"": {""le"": 9223372036854775807}}]}",[]
31. Sửa thông tin hợp lệ [200],PATCH,/api/v1/catalog/package-types/4,200,200,13,True,"{""name"": ""Danh mục đã sửa""}","{""id"": 4, ""is_active"": true, ""created_at"": ""2026-09-27T16:26:11.995724Z"", ""updated_at"": ""2026-09-27T16:26:12.499834Z"", ""code"": ""MUK165NL_PACKAGE-TYPES"", ""name"": ""Danh mục đã sửa"", ""description"": null}",[]
32. Sửa khi chưa đăng nhập [401],PATCH,/api/v1/catalog/package-types/4,401,401,1,True,"{""name"": ""Danh mục đã sửa""}","{""detail"": ""Not authenticated""}",[]
33. Sửa với token hỏng [401],PATCH,/api/v1/catalog/package-types/4,401,401,2,True,"{""name"": ""Danh mục đã sửa""}","{""detail"": ""Token không hợp lệ""}",[]
34. Khách hàng sửa dữ liệu quản trị [403],PATCH,/api/v1/catalog/package-types/4,403,403,5,True,"{""name"": ""Danh mục đã sửa""}","{""detail"": ""Bạn không có quyền thực hiện thao tác này""}",[]
35. Sửa ID không tồn tại [404],PATCH,/api/v1/catalog/package-types/9223372036854775806,404,404,5,True,"{""name"": ""Danh mục đã sửa""}","{""detail"": ""Không tìm thấy bản ghi danh mục""}",[]
36. Nhập chữ vào ID sửa [422],PATCH,/api/v1/catalog/package-types/abc,422,422,5,True,"{""name"": ""Danh mục đã sửa""}","{""detail"": [{""type"": ""int_parsing"", ""loc"": [""path"", ""record_id""], ""msg"": ""Input should be a valid integer, unable to parse string as an integer"", ""input"": ""abc""}]}",[]
37. Nhập sai giá trị khi sửa [422],PATCH,/api/v1/catalog/package-types/4,422,422,5,True,"{""code"": ""!@#""}","{""detail"": [{""type"": ""string_pattern_mismatch"", ""loc"": [""body"", ""code""], ""msg"": ""String should match pattern '^[A-Z0-9][A-Z0-9_.-]{0,49}$'"", ""input"": ""!@#"", ""ctx"": {""pattern"": ""^[A-Z0-9][A-Z0-9_.-]{0,49}$""}}]}",[]
38. Xóa trắng trường bắt buộc bằng null [422],PATCH,/api/v1/catalog/package-types/4,422,422,5,True,"{""name"": null}","{""detail"": [{""type"": ""value_error"", ""loc"": [""body""], ""msg"": ""Value error, name không được null"", ""input"": {""name"": null}, ""ctx"": {""error"": {}}}]}",[]
39. Thêm trường lạ khi sửa [422],PATCH,/api/v1/catalog/package-types/4,422,422,4,True,"{""extra_field"": true}","{""detail"": [{""type"": ""extra_forbidden"", ""loc"": [""body"", ""extra_field""], ""msg"": ""Extra inputs are not permitted"", ""input"": true}]}",[]
40. Gửi form không thay đổi [200],PATCH,/api/v1/catalog/package-types/4,200,200,10,True,{},"{""id"": 4, ""is_active"": true, ""created_at"": ""2026-09-27T16:26:11.995724Z"", ""updated_at"": ""2026-09-27T16:26:12.631251Z"", ""code"": ""MUK165NL_PACKAGE-TYPES"", ""name"": ""Danh mục đã sửa"", ""description"": null}",[]
01. Nhập đầy đủ thông tin hợp lệ [201],POST,/api/v1/catalog/categories,201,201,9,True,"{""code"": ""muk165nl_categories"", ""name"": ""Danh mục kiểm thử""}","{""id"": 2, ""is_active"": true, ""created_at"": ""2026-09-27T16:26:12.649878Z"", ""updated_at"": ""2026-09-27T16:26:12.649881Z"", ""code"": ""MUK165NL_CATEGORIES"", ""name"": ""Danh mục kiểm thử"", ""description"": null}",[]
02. Quên đăng nhập khi tạo [401],POST,/api/v1/catalog/categories,401,401,2,True,"{""code"": ""muk165nl_categories"", ""name"": ""Danh mục kiểm thử""}","{""detail"": ""Not authenticated""}",[]
03. Token bị sửa sai [401],POST,/api/v1/catalog/categories,401,401,1,True,"{""code"": ""muk165nl_categories"", ""name"": ""Danh mục kiểm thử""}","{""detail"": ""Token không hợp lệ""}",[]
04. Khách hàng thử tạo dữ liệu quản trị [403],POST,/api/v1/catalog/categories,403,403,7,True,"{""code"": ""muk165nl_categories"", ""name"": ""Danh mục kiểm thử""}","{""detail"": ""Bạn không có quyền thực hiện thao tác này""}",[]
05. Bỏ trống toàn bộ form [422],POST,/api/v1/catalog/categories,422,422,4,True,{},"{""detail"": [{""type"": ""missing"", ""loc"": [""body"", ""code""], ""msg"": ""Field required"", ""input"": {}}, {""type"": ""missing"", ""loc"": [""body"", ""name""], ""msg"": ""Field required"", ""input"": {}}]}",[]
06. Nhập sai giá trị hoặc ngày tháng [422],POST,/api/v1/catalog/categories,422,422,4,True,"{""code"": ""!@#"", ""name"": ""Danh mục kiểm thử""}","{""detail"": [{""type"": ""string_pattern_mismatch"", ""loc"": [""body"", ""code""], ""msg"": ""String should match pattern '^[A-Z0-9][A-Z0-9_.-]{0,49}$'"", ""input"": ""!@#"", ""ctx"": {""pattern"": ""^[A-Z0-9][A-Z0-9_.-]{0,49}$""}}]}",[]
07. Gửi trường lạ từ form [422],POST,/api/v1/catalog/categories,422,422,6,True,"{""code"": ""muk165nl_categories"", ""name"": ""Danh mục kiểm thử"", ""unknown_field"": ""abc""}","{""detail"": [{""type"": ""extra_forbidden"", ""loc"": [""body"", ""unknown_field""], ""msg"": ""Extra inputs are not permitted"", ""input"": ""abc""}]}",[]
08. Để null trường bắt buộc [422],POST,/api/v1/catalog/categories,422,422,5,True,"{""code"": ""muk165nl_categories"", ""name"": null}","{""detail"": [{""type"": ""string_type"", ""loc"": [""body"", ""name""], ""msg"": ""Input should be a valid string"", ""input"": null}]}",[]
09. Bỏ sót trường bắt buộc code [422],POST,/api/v1/catalog/categories,422,422,6,True,"{""name"": ""Danh mục kiểm thử""}","{""detail"": [{""type"": ""missing"", ""loc"": [""body"", ""code""], ""msg"": ""Field required"", ""input"": {""name"": ""Danh mục kiểm thử""}}]}",[]
10. Bấm lưu lần nữa gây trùng dữ liệu [409],POST,/api/v1/catalog/categories,409,409,12,True,"{""code"": ""muk165nl_categories"", ""name"": ""Danh mục kiểm thử""}","{""detail"": ""Dữ liệu bị trùng hoặc vi phạm ràng buộc""}",[]
11. Mở danh sách [200],GET,/api/v1/catalog/categories,200,200,9,True,,"{""items"": [{""id"": 1, ""is_active"": true, ""created_at"": ""2026-09-27T16:26:08.060104Z"", ""updated_at"": ""2026-09-27T16:26:08.060104Z"", ""code"": ""GENERAL"", ""name"": ""Hàng tổng hợp"", ""description"": null}, {""id"": 2, ""is_active"": true, ""created_at"": ""2026-09-27T16:26:12.649878Z"", ""updated_at"": ""2026-09-27T16:26:12.649881Z"", ""code"": ""MUK165NL_CATEGORIES"", ""name"": ""Danh mục kiểm thử"", ""description"": null}], ""total"": 2, ""offset"": 0, ""limit"": 20}",[]
12. Xem với quyền được cấp [200],GET,/api/v1/catalog/categories,200,200,8,True,,"{""items"": [{""id"": 1, ""is_active"": true, ""created_at"": ""2026-09-27T16:26:08.060104Z"", ""updated_at"": ""2026-09-27T16:26:08.060104Z"", ""code"": ""GENERAL"", ""name"": ""Hàng tổng hợp"", ""description"": null}, {""id"": 2, ""is_active"": true, ""created_at"": ""2026-09-27T16:26:12.649878Z"", ""updated_at"": ""2026-09-27T16:26:12.649881Z"", ""code"": ""MUK165NL_CATEGORIES"", ""name"": ""Danh mục kiểm thử"", ""description"": null}], ""total"": 2, ""offset"": 0, ""limit"": 20}",[]
13. Mở khi chưa đăng nhập [401],GET,/api/v1/catalog/categories,401,401,2,True,,"{""detail"": ""Not authenticated""}",[]
14. Dán token lỗi [401],GET,/api/v1/catalog/categories,401,401,2,True,,"{""detail"": ""Token không hợp lệ""}",[]
15. Nhập số trang âm [422],GET,/api/v1/catalog/categories,422,422,6,True,,"{""detail"": [{""type"": ""greater_than_equal"", ""loc"": [""query"", ""offset""], ""msg"": ""Input should be greater than or equal to 0"", ""input"": ""-1"", ""ctx"": {""ge"": 0}}]}",[]
16. Nhập kích thước trang bằng 0 [422],GET,/api/v1/catalog/categories,422,422,6,True,,"{""detail"": [{""type"": ""greater_than_equal"", ""loc"": [""query"", ""limit""], ""msg"": ""Input should be greater than or equal to 1"", ""input"": ""0"", ""ctx"": {""ge"": 1}}]}",[]
17. Nhập quá 100 dòng [422],GET,/api/v1/catalog/categories,422,422,7,True,,"{""detail"": [{""type"": ""less_than_equal"", ""loc"": [""query"", ""limit""], ""msg"": ""Input should be less than or equal to 100"", ""input"": ""101"", ""ctx"": {""le"": 100}}]}",[]
18. Nhập chữ vào số dòng [422],GET,/api/v1/catalog/categories,422,422,6,True,,"{""detail"": [{""type"": ""int_parsing"", ""loc"": [""query"", ""limit""], ""msg"": ""Input should be a valid integer, unable to parse string as an integer"", ""input"": ""abc""}]}",[]
19. Tìm tên không có [200],GET,/api/v1/catalog/categories,200,200,7,True,,"{""items"": [], ""total"": 0, ""offset"": 0, ""limit"": 20}",[]
20. Xem cả dữ liệu đã ngừng dùng [200],GET,/api/v1/catalog/categories,200,200,7,True,,"{""items"": [{""id"": 1, ""is_active"": true, ""created_at"": ""2026-09-27T16:26:08.060104Z"", ""updated_at"": ""2026-09-27T16:26:08.060104Z"", ""code"": ""GENERAL"", ""name"": ""Hàng tổng hợp"", ""description"": null}, {""id"": 2, ""is_active"": true, ""created_at"": ""2026-09-27T16:26:12.649878Z"", ""updated_at"": ""2026-09-27T16:26:12.649881Z"", ""code"": ""MUK165NL_CATEGORIES"", ""name"": ""Danh mục kiểm thử"", ""description"": null}], ""total"": 2, ""offset"": 0, ""limit"": 20}",[]
21. Xem chi tiết vừa tạo [200],GET,/api/v1/catalog/categories/2,200,200,7,True,,"{""id"": 2, ""is_active"": true, ""created_at"": ""2026-09-27T16:26:12.649878Z"", ""updated_at"": ""2026-09-27T16:26:12.649881Z"", ""code"": ""MUK165NL_CATEGORIES"", ""name"": ""Danh mục kiểm thử"", ""description"": null}",[]
22. Sale/khách xem chi tiết được cấp [200],GET,/api/v1/catalog/categories/2,200,200,6,True,,"{""id"": 2, ""is_active"": true, ""created_at"": ""2026-09-27T16:26:12.649878Z"", ""updated_at"": ""2026-09-27T16:26:12.649881Z"", ""code"": ""MUK165NL_CATEGORIES"", ""name"": ""Danh mục kiểm thử"", ""description"": null}",[]
23. Quên token [401],GET,/api/v1/catalog/categories/2,401,401,2,True,,"{""detail"": ""Not authenticated""}",[]
24. Token sai [401],GET,/api/v1/catalog/categories/2,401,401,2,True,,"{""detail"": ""Token không hợp lệ""}",[]
25. ID không tồn tại [404],GET,/api/v1/catalog/categories/9223372036854775806,404,404,8,True,,"{""detail"": ""Không tìm thấy bản ghi danh mục""}",[]
26. ID bằng 0 [422],GET,/api/v1/catalog/categories/0,422,422,6,True,,"{""detail"": [{""type"": ""greater_than"", ""loc"": [""path"", ""record_id""], ""msg"": ""Input should be greater than 0"", ""input"": ""0"", ""ctx"": {""gt"": 0}}]}",[]
27. ID âm [422],GET,/api/v1/catalog/categories/-1,422,422,6,True,,"{""detail"": [{""type"": ""greater_than"", ""loc"": [""path"", ""record_id""], ""msg"": ""Input should be greater than 0"", ""input"": ""-1"", ""ctx"": {""gt"": 0}}]}",[]
28. Gõ chữ vào ID [422],GET,/api/v1/catalog/categories/abc,422,422,18,True,,"{""detail"": [{""type"": ""int_parsing"", ""loc"": [""path"", ""record_id""], ""msg"": ""Input should be a valid integer, unable to parse string as an integer"", ""input"": ""abc""}]}",[]
29. Gõ ID thập phân [422],GET,/api/v1/catalog/categories/1.5,422,422,5,True,,"{""detail"": [{""type"": ""int_parsing"", ""loc"": [""path"", ""record_id""], ""msg"": ""Input should be a valid integer, unable to parse string as an integer"", ""input"": ""1.5""}]}",[]
30. ID vượt BIGINT [422],GET,/api/v1/catalog/categories/9223372036854775808,422,422,4,True,,"{""detail"": [{""type"": ""less_than_equal"", ""loc"": [""path"", ""record_id""], ""msg"": ""Input should be less than or equal to 9223372036854775807"", ""input"": ""9223372036854775808"", ""ctx"": {""le"": 9223372036854775807}}]}",[]
31. Sửa thông tin hợp lệ [200],PATCH,/api/v1/catalog/categories/2,200,200,13,True,"{""name"": ""Danh mục đã sửa""}","{""id"": 2, ""is_active"": true, ""created_at"": ""2026-09-27T16:26:12.649878Z"", ""updated_at"": ""2026-09-27T16:26:13.135609Z"", ""code"": ""MUK165NL_CATEGORIES"", ""name"": ""Danh mục đã sửa"", ""description"": null}",[]
32. Sửa khi chưa đăng nhập [401],PATCH,/api/v1/catalog/categories/2,401,401,2,True,"{""name"": ""Danh mục đã sửa""}","{""detail"": ""Not authenticated""}",[]
33. Sửa với token hỏng [401],PATCH,/api/v1/catalog/categories/2,401,401,2,True,"{""name"": ""Danh mục đã sửa""}","{""detail"": ""Token không hợp lệ""}",[]
34. Khách hàng sửa dữ liệu quản trị [403],PATCH,/api/v1/catalog/categories/2,403,403,9,True,"{""name"": ""Danh mục đã sửa""}","{""detail"": ""Bạn không có quyền thực hiện thao tác này""}",[]
35. Sửa ID không tồn tại [404],PATCH,/api/v1/catalog/categories/9223372036854775806,404,404,7,True,"{""name"": ""Danh mục đã sửa""}","{""detail"": ""Không tìm thấy bản ghi danh mục""}",[]
36. Nhập chữ vào ID sửa [422],PATCH,/api/v1/catalog/categories/abc,422,422,6,True,"{""name"": ""Danh mục đã sửa""}","{""detail"": [{""type"": ""int_parsing"", ""loc"": [""path"", ""record_id""], ""msg"": ""Input should be a valid integer, unable to parse string as an integer"", ""input"": ""abc""}]}",[]
37. Nhập sai giá trị khi sửa [422],PATCH,/api/v1/catalog/categories/2,422,422,5,True,"{""code"": ""!@#""}","{""detail"": [{""type"": ""string_pattern_mismatch"", ""loc"": [""body"", ""code""], ""msg"": ""String should match pattern '^[A-Z0-9][A-Z0-9_.-]{0,49}$'"", ""input"": ""!@#"", ""ctx"": {""pattern"": ""^[A-Z0-9][A-Z0-9_.-]{0,49}$""}}]}",[]
38. Xóa trắng trường bắt buộc bằng null [422],PATCH,/api/v1/catalog/categories/2,422,422,5,True,"{""name"": null}","{""detail"": [{""type"": ""value_error"", ""loc"": [""body""], ""msg"": ""Value error, name không được null"", ""input"": {""name"": null}, ""ctx"": {""error"": {}}}]}",[]
39. Thêm trường lạ khi sửa [422],PATCH,/api/v1/catalog/categories/2,422,422,7,True,"{""extra_field"": true}","{""detail"": [{""type"": ""extra_forbidden"", ""loc"": [""body"", ""extra_field""], ""msg"": ""Extra inputs are not permitted"", ""input"": true}]}",[]
40. Gửi form không thay đổi [200],PATCH,/api/v1/catalog/categories/2,200,200,13,True,{},"{""id"": 2, ""is_active"": true, ""created_at"": ""2026-09-27T16:26:12.649878Z"", ""updated_at"": ""2026-09-27T16:26:13.275725Z"", ""code"": ""MUK165NL_CATEGORIES"", ""name"": ""Danh mục đã sửa"", ""description"": null}",[]
01. Nhập đầy đủ thông tin hợp lệ [201],POST,/api/v1/products,201,201,15,True,"{""sku"": ""SP_muk165nl"", ""name"": ""Áo thun nhập thử"", ""reference_price"": ""25.5000"", ""category_id"": ""2"", ""origin_country_id"": ""3"", ""source_url"": ""https://detail.1688.com/offer/123.html""}","{""id"": 1, ""is_active"": true, ""created_at"": ""2026-09-27T16:26:13.300899Z"", ""updated_at"": ""2026-09-27T16:26:13.300902Z"", ""sku"": ""SP_MUK165NL"", ""name"": ""Áo thun nhập thử"", ""reference_price"": ""25.5000"", ""currency_code"": ""CNY"", ""source_url"": ""https://detail.1688.com/offer/123.html"", ""image_url"": null, ""description"": null, ""origin_country_id"": 3, ""shipping_country_id"": null, ""unit_id"": null, ""package_type_id"": null, ""category_id"": 2}",[]
02. Quên đăng nhập khi tạo [401],POST,/api/v1/products,401,401,2,True,"{""sku"": ""SP_muk165nl"", ""name"": ""Áo thun nhập thử"", ""reference_price"": ""25.5000"", ""category_id"": ""2"", ""origin_country_id"": ""3"", ""source_url"": ""https://detail.1688.com/offer/123.html""}","{""detail"": ""Not authenticated""}",[]
03. Token bị sửa sai [401],POST,/api/v1/products,401,401,2,True,"{""sku"": ""SP_muk165nl"", ""name"": ""Áo thun nhập thử"", ""reference_price"": ""25.5000"", ""category_id"": ""2"", ""origin_country_id"": ""3"", ""source_url"": ""https://detail.1688.com/offer/123.html""}","{""detail"": ""Token không hợp lệ""}",[]
04. Khách hàng thử tạo dữ liệu quản trị [403],POST,/api/v1/products,403,403,7,True,"{""sku"": ""SP_muk165nl"", ""name"": ""Áo thun nhập thử"", ""reference_price"": ""25.5000"", ""category_id"": ""2"", ""origin_country_id"": ""3"", ""source_url"": ""https://detail.1688.com/offer/123.html""}","{""detail"": ""Bạn không có quyền thực hiện thao tác này""}",[]
05. Bỏ trống toàn bộ form [422],POST,/api/v1/products,422,422,6,True,{},"{""detail"": [{""type"": ""missing"", ""loc"": [""body"", ""sku""], ""msg"": ""Field required"", ""input"": {}}, {""type"": ""missing"", ""loc"": [""body"", ""name""], ""msg"": ""Field required"", ""input"": {}}, {""type"": ""missing"", ""loc"": [""body"", ""reference_price""], ""msg"": ""Field required"", ""input"": {}}]}",[]
06. Nhập sai giá trị hoặc ngày tháng [422],POST,/api/v1/products,422,422,6,True,"{""sku"": ""SP_muk165nl"", ""name"": ""Áo thun nhập thử"", ""reference_price"": ""-1"", ""category_id"": ""2"", ""origin_country_id"": ""3"", ""source_url"": ""https://detail.1688.com/offer/123.html""}","{""detail"": [{""type"": ""greater_than_equal"", ""loc"": [""body"", ""reference_price""], ""msg"": ""Input should be greater than or equal to 0"", ""input"": ""-1"", ""ctx"": {""ge"": 0}}]}",[]
07. Gửi trường lạ từ form [422],POST,/api/v1/products,422,422,8,True,"{""sku"": ""SP_muk165nl"", ""name"": ""Áo thun nhập thử"", ""reference_price"": ""25.5000"", ""category_id"": ""2"", ""origin_country_id"": ""3"", ""source_url"": ""https://detail.1688.com/offer/123.html"", ""unknown_field"": ""abc""}","{""detail"": [{""type"": ""extra_forbidden"", ""loc"": [""body"", ""unknown_field""], ""msg"": ""Extra inputs are not permitted"", ""input"": ""abc""}]}",[]
08. Để null trường bắt buộc [422],POST,/api/v1/products,422,422,5,True,"{""sku"": ""SP_muk165nl"", ""name"": null, ""reference_price"": ""25.5000"", ""category_id"": ""2"", ""origin_country_id"": ""3"", ""source_url"": ""https://detail.1688.com/offer/123.html""}","{""detail"": [{""type"": ""string_type"", ""loc"": [""body"", ""name""], ""msg"": ""Input should be a valid string"", ""input"": null}]}",[]
09. Bỏ sót trường bắt buộc sku [422],POST,/api/v1/products,422,422,7,True,"{""name"": ""Áo thun nhập thử"", ""reference_price"": ""25.5000"", ""category_id"": ""2"", ""origin_country_id"": ""3"", ""source_url"": ""https://detail.1688.com/offer/123.html""}","{""detail"": [{""type"": ""missing"", ""loc"": [""body"", ""sku""], ""msg"": ""Field required"", ""input"": {""name"": ""Áo thun nhập thử"", ""reference_price"": ""25.5000"", ""category_id"": ""2"", ""origin_country_id"": ""3"", ""source_url"": ""https://detail.1688.com/offer/123.html""}}]}",[]
10. Bấm lưu lần nữa gây trùng dữ liệu [409],POST,/api/v1/products,409,409,12,True,"{""sku"": ""SP_muk165nl"", ""name"": ""Áo thun nhập thử"", ""reference_price"": ""25.5000"", ""category_id"": ""2"", ""origin_country_id"": ""3"", ""source_url"": ""https://detail.1688.com/offer/123.html""}","{""detail"": ""Dữ liệu bị trùng hoặc vi phạm ràng buộc""}",[]
11. Mở danh sách [200],GET,/api/v1/products,200,200,11,True,,"{""items"": [{""id"": 1, ""is_active"": true, ""created_at"": ""2026-09-27T16:26:13.300899Z"", ""updated_at"": ""2026-09-27T16:26:13.300902Z"", ""sku"": ""SP_MUK165NL"", ""name"": ""Áo thun nhập thử"", ""reference_price"": ""25.5000"", ""currency_code"": ""CNY"", ""source_url"": ""https://detail.1688.com/offer/123.html"", ""image_url"": null, ""description"": null, ""origin_country_id"": 3, ""shipping_country_id"": null, ""unit_id"": null, ""package_type_id"": null, ""category_id"": 2}], ""total"": 1, ""offset"": 0, ""limit"": 20}",[]
12. Xem với quyền được cấp [200],GET,/api/v1/products,200,200,7,True,,"{""items"": [{""id"": 1, ""is_active"": true, ""created_at"": ""2026-09-27T16:26:13.300899Z"", ""updated_at"": ""2026-09-27T16:26:13.300902Z"", ""sku"": ""SP_MUK165NL"", ""name"": ""Áo thun nhập thử"", ""reference_price"": ""25.5000"", ""currency_code"": ""CNY"", ""source_url"": ""https://detail.1688.com/offer/123.html"", ""image_url"": null, ""description"": null, ""origin_country_id"": 3, ""shipping_country_id"": null, ""unit_id"": null, ""package_type_id"": null, ""category_id"": 2}], ""total"": 1, ""offset"": 0, ""limit"": 20}",[]
13. Mở khi chưa đăng nhập [401],GET,/api/v1/products,401,401,2,True,,"{""detail"": ""Not authenticated""}",[]
14. Dán token lỗi [401],GET,/api/v1/products,401,401,1,True,,"{""detail"": ""Token không hợp lệ""}",[]
15. Nhập số trang âm [422],GET,/api/v1/products,422,422,7,True,,"{""detail"": [{""type"": ""greater_than_equal"", ""loc"": [""query"", ""offset""], ""msg"": ""Input should be greater than or equal to 0"", ""input"": ""-1"", ""ctx"": {""ge"": 0}}]}",[]
16. Nhập kích thước trang bằng 0 [422],GET,/api/v1/products,422,422,7,True,,"{""detail"": [{""type"": ""greater_than_equal"", ""loc"": [""query"", ""limit""], ""msg"": ""Input should be greater than or equal to 1"", ""input"": ""0"", ""ctx"": {""ge"": 1}}]}",[]
17. Nhập quá 100 dòng [422],GET,/api/v1/products,422,422,5,True,,"{""detail"": [{""type"": ""less_than_equal"", ""loc"": [""query"", ""limit""], ""msg"": ""Input should be less than or equal to 100"", ""input"": ""101"", ""ctx"": {""le"": 100}}]}",[]
18. Nhập chữ vào số dòng [422],GET,/api/v1/products,422,422,5,True,,"{""detail"": [{""type"": ""int_parsing"", ""loc"": [""query"", ""limit""], ""msg"": ""Input should be a valid integer, unable to parse string as an integer"", ""input"": ""abc""}]}",[]
19. Tìm tên không có [200],GET,/api/v1/products,200,200,10,True,,"{""items"": [], ""total"": 0, ""offset"": 0, ""limit"": 20}",[]
20. Xem cả dữ liệu đã ngừng dùng [200],GET,/api/v1/products,200,200,9,True,,"{""items"": [{""id"": 1, ""is_active"": true, ""created_at"": ""2026-09-27T16:26:13.300899Z"", ""updated_at"": ""2026-09-27T16:26:13.300902Z"", ""sku"": ""SP_MUK165NL"", ""name"": ""Áo thun nhập thử"", ""reference_price"": ""25.5000"", ""currency_code"": ""CNY"", ""source_url"": ""https://detail.1688.com/offer/123.html"", ""image_url"": null, ""description"": null, ""origin_country_id"": 3, ""shipping_country_id"": null, ""unit_id"": null, ""package_type_id"": null, ""category_id"": 2}], ""total"": 1, ""offset"": 0, ""limit"": 20}",[]
21. Xem chi tiết vừa tạo [200],GET,/api/v1/products/1,200,200,6,True,,"{""id"": 1, ""is_active"": true, ""created_at"": ""2026-09-27T16:26:13.300899Z"", ""updated_at"": ""2026-09-27T16:26:13.300902Z"", ""sku"": ""SP_MUK165NL"", ""name"": ""Áo thun nhập thử"", ""reference_price"": ""25.5000"", ""currency_code"": ""CNY"", ""source_url"": ""https://detail.1688.com/offer/123.html"", ""image_url"": null, ""description"": null, ""origin_country_id"": 3, ""shipping_country_id"": null, ""unit_id"": null, ""package_type_id"": null, ""category_id"": 2}",[]
22. Sale/khách xem chi tiết được cấp [200],GET,/api/v1/products/1,200,200,7,True,,"{""id"": 1, ""is_active"": true, ""created_at"": ""2026-09-27T16:26:13.300899Z"", ""updated_at"": ""2026-09-27T16:26:13.300902Z"", ""sku"": ""SP_MUK165NL"", ""name"": ""Áo thun nhập thử"", ""reference_price"": ""25.5000"", ""currency_code"": ""CNY"", ""source_url"": ""https://detail.1688.com/offer/123.html"", ""image_url"": null, ""description"": null, ""origin_country_id"": 3, ""shipping_country_id"": null, ""unit_id"": null, ""package_type_id"": null, ""category_id"": 2}",[]
23. Quên token [401],GET,/api/v1/products/1,401,401,2,True,,"{""detail"": ""Not authenticated""}",[]
24. Token sai [401],GET,/api/v1/products/1,401,401,2,True,,"{""detail"": ""Token không hợp lệ""}",[]
25. ID không tồn tại [404],GET,/api/v1/products/9223372036854775806,404,404,6,True,,"{""detail"": ""Không tìm thấy bản ghi danh mục""}",[]
26. ID bằng 0 [422],GET,/api/v1/products/0,422,422,6,True,,"{""detail"": [{""type"": ""greater_than"", ""loc"": [""path"", ""record_id""], ""msg"": ""Input should be greater than 0"", ""input"": ""0"", ""ctx"": {""gt"": 0}}]}",[]
27. ID âm [422],GET,/api/v1/products/-1,422,422,6,True,,"{""detail"": [{""type"": ""greater_than"", ""loc"": [""path"", ""record_id""], ""msg"": ""Input should be greater than 0"", ""input"": ""-1"", ""ctx"": {""gt"": 0}}]}",[]
28. Gõ chữ vào ID [422],GET,/api/v1/products/abc,422,422,7,True,,"{""detail"": [{""type"": ""int_parsing"", ""loc"": [""path"", ""record_id""], ""msg"": ""Input should be a valid integer, unable to parse string as an integer"", ""input"": ""abc""}]}",[]
29. Gõ ID thập phân [422],GET,/api/v1/products/1.5,422,422,8,True,,"{""detail"": [{""type"": ""int_parsing"", ""loc"": [""path"", ""record_id""], ""msg"": ""Input should be a valid integer, unable to parse string as an integer"", ""input"": ""1.5""}]}",[]
30. ID vượt BIGINT [422],GET,/api/v1/products/9223372036854775808,422,422,7,True,,"{""detail"": [{""type"": ""less_than_equal"", ""loc"": [""path"", ""record_id""], ""msg"": ""Input should be less than or equal to 9223372036854775807"", ""input"": ""9223372036854775808"", ""ctx"": {""le"": 9223372036854775807}}]}",[]
31. Sửa thông tin hợp lệ [200],PATCH,/api/v1/products/1,200,200,16,True,"{""name"": ""Áo đã sửa""}","{""id"": 1, ""is_active"": true, ""created_at"": ""2026-09-27T16:26:13.300899Z"", ""updated_at"": ""2026-09-27T16:26:13.796941Z"", ""sku"": ""SP_MUK165NL"", ""name"": ""Áo đã sửa"", ""reference_price"": ""25.5000"", ""currency_code"": ""CNY"", ""source_url"": ""https://detail.1688.com/offer/123.html"", ""image_url"": null, ""description"": null, ""origin_country_id"": 3, ""shipping_country_id"": null, ""unit_id"": null, ""package_type_id"": null, ""category_id"": 2}",[]
32. Sửa khi chưa đăng nhập [401],PATCH,/api/v1/products/1,401,401,2,True,"{""name"": ""Áo đã sửa""}","{""detail"": ""Not authenticated""}",[]
33. Sửa với token hỏng [401],PATCH,/api/v1/products/1,401,401,2,True,"{""name"": ""Áo đã sửa""}","{""detail"": ""Token không hợp lệ""}",[]
34. Khách hàng sửa dữ liệu quản trị [403],PATCH,/api/v1/products/1,403,403,5,True,"{""name"": ""Áo đã sửa""}","{""detail"": ""Bạn không có quyền thực hiện thao tác này""}",[]
35. Sửa ID không tồn tại [404],PATCH,/api/v1/products/9223372036854775806,404,404,7,True,"{""name"": ""Áo đã sửa""}","{""detail"": ""Không tìm thấy bản ghi danh mục""}",[]
36. Nhập chữ vào ID sửa [422],PATCH,/api/v1/products/abc,422,422,8,True,"{""name"": ""Áo đã sửa""}","{""detail"": [{""type"": ""int_parsing"", ""loc"": [""path"", ""record_id""], ""msg"": ""Input should be a valid integer, unable to parse string as an integer"", ""input"": ""abc""}]}",[]
37. Nhập sai giá trị khi sửa [422],PATCH,/api/v1/products/1,422,422,9,True,"{""reference_price"": ""-1""}","{""detail"": [{""type"": ""greater_than_equal"", ""loc"": [""body"", ""reference_price""], ""msg"": ""Input should be greater than or equal to 0"", ""input"": ""-1"", ""ctx"": {""ge"": 0}}]}",[]
38. Xóa trắng trường bắt buộc bằng null [422],PATCH,/api/v1/products/1,422,422,6,True,"{""name"": null}","{""detail"": [{""type"": ""value_error"", ""loc"": [""body""], ""msg"": ""Value error, name không được null"", ""input"": {""name"": null}, ""ctx"": {""error"": {}}}]}",[]
39. Thêm trường lạ khi sửa [422],PATCH,/api/v1/products/1,422,422,6,True,"{""extra_field"": true}","{""detail"": [{""type"": ""extra_forbidden"", ""loc"": [""body"", ""extra_field""], ""msg"": ""Extra inputs are not permitted"", ""input"": true}]}",[]
40. Gửi form không thay đổi [200],PATCH,/api/v1/products/1,200,200,20,True,{},"{""id"": 1, ""is_active"": true, ""created_at"": ""2026-09-27T16:26:13.300899Z"", ""updated_at"": ""2026-09-27T16:26:13.959502Z"", ""sku"": ""SP_MUK165NL"", ""name"": ""Áo đã sửa"", ""reference_price"": ""25.5000"", ""currency_code"": ""CNY"", ""source_url"": ""https://detail.1688.com/offer/123.html"", ""image_url"": null, ""description"": null, ""origin_country_id"": 3, ""shipping_country_id"": null, ""unit_id"": null, ""package_type_id"": null, ""category_id"": 2}",[]
01. Nhập đầy đủ thông tin hợp lệ [201],POST,/api/v1/brand-rights,201,201,14,True,"{""brand_name"": ""Nhãn muk165nl"", ""holder_name"": ""Công ty A"", ""right_type"": ""COPYRIGHT"", ""product_id"": ""1""}","{""id"": 1, ""is_active"": true, ""created_at"": ""2026-09-27T16:26:13.980938Z"", ""updated_at"": ""2026-09-27T16:26:13.980942Z"", ""brand_name"": ""Nhãn muk165nl"", ""holder_name"": ""Công ty A"", ""right_type"": ""COPYRIGHT"", ""product_id"": 1, ""category_id"": null, ""document_url"": null, ""valid_from"": null, ""valid_until"": null, ""note"": null}",[]
02. Quên đăng nhập khi tạo [401],POST,/api/v1/brand-rights,401,401,2,True,"{""brand_name"": ""Nhãn muk165nl"", ""holder_name"": ""Công ty A"", ""right_type"": ""COPYRIGHT"", ""product_id"": ""1""}","{""detail"": ""Not authenticated""}",[]
03. Token bị sửa sai [401],POST,/api/v1/brand-rights,401,401,2,True,"{""brand_name"": ""Nhãn muk165nl"", ""holder_name"": ""Công ty A"", ""right_type"": ""COPYRIGHT"", ""product_id"": ""1""}","{""detail"": ""Token không hợp lệ""}",[]
04. Khách hàng thử tạo dữ liệu quản trị [403],POST,/api/v1/brand-rights,403,403,5,True,"{""brand_name"": ""Nhãn muk165nl"", ""holder_name"": ""Công ty A"", ""right_type"": ""COPYRIGHT"", ""product_id"": ""1""}","{""detail"": ""Bạn không có quyền thực hiện thao tác này""}",[]
05. Bỏ trống toàn bộ form [422],POST,/api/v1/brand-rights,422,422,4,True,{},"{""detail"": [{""type"": ""missing"", ""loc"": [""body"", ""brand_name""], ""msg"": ""Field required"", ""input"": {}}, {""type"": ""missing"", ""loc"": [""body"", ""holder_name""], ""msg"": ""Field required"", ""input"": {}}, {""type"": ""missing"", ""loc"": [""body"", ""right_type""], ""msg"": ""Field required"", ""input"": {}}]}",[]
06. Nhập sai giá trị hoặc ngày tháng [422],POST,/api/v1/brand-rights,422,422,6,True,"{""brand_name"": ""Nhãn muk165nl"", ""holder_name"": ""Công ty A"", ""right_type"": ""WRONG"", ""product_id"": ""1""}","{""detail"": [{""type"": ""enum"", ""loc"": [""body"", ""right_type""], ""msg"": ""Input should be 'COPYRIGHT' or 'DISTRIBUTION_AUTHORIZATION'"", ""input"": ""WRONG"", ""ctx"": {""expected"": ""'COPYRIGHT' or 'DISTRIBUTION_AUTHORIZATION'""}}]}",[]
07. Gửi trường lạ từ form [422],POST,/api/v1/brand-rights,422,422,7,True,"{""brand_name"": ""Nhãn muk165nl"", ""holder_name"": ""Công ty A"", ""right_type"": ""COPYRIGHT"", ""product_id"": ""1"", ""unknown_field"": ""abc""}","{""detail"": [{""type"": ""extra_forbidden"", ""loc"": [""body"", ""unknown_field""], ""msg"": ""Extra inputs are not permitted"", ""input"": ""abc""}]}",[]
08. Để null trường bắt buộc [422],POST,/api/v1/brand-rights,422,422,8,True,"{""brand_name"": null, ""holder_name"": ""Công ty A"", ""right_type"": ""COPYRIGHT"", ""product_id"": ""1""}","{""detail"": [{""type"": ""string_type"", ""loc"": [""body"", ""brand_name""], ""msg"": ""Input should be a valid string"", ""input"": null}]}",[]
09. Bỏ sót trường bắt buộc brand_name [422],POST,/api/v1/brand-rights,422,422,6,True,"{""holder_name"": ""Công ty A"", ""right_type"": ""COPYRIGHT"", ""product_id"": ""1""}","{""detail"": [{""type"": ""missing"", ""loc"": [""body"", ""brand_name""], ""msg"": ""Field required"", ""input"": {""holder_name"": ""Công ty A"", ""right_type"": ""COPYRIGHT"", ""product_id"": ""1""}}]}",[]
10. Nhập ID liên kết không tồn tại [422],POST,/api/v1/brand-rights,422,422,6,True,"{""brand_name"": ""Nhãn muk165nl"", ""holder_name"": ""Công ty A"", ""right_type"": ""COPYRIGHT"", ""product_id"": 9223372036854775806}","{""detail"": ""Sản phẩm/ngành hàng không tồn tại hoặc đã ngừng sử dụng""}",[]
11. Mở danh sách [200],GET,/api/v1/brand-rights,200,200,8,True,,"{""items"": [{""id"": 1, ""is_active"": true, ""created_at"": ""2026-09-27T16:26:13.980938Z"", ""updated_at"": ""2026-09-27T16:26:13.980942Z"", ""brand_name"": ""Nhãn muk165nl"", ""holder_name"": ""Công ty A"", ""right_type"": ""COPYRIGHT"", ""product_id"": 1, ""category_id"": null, ""document_url"": null, ""valid_from"": null, ""valid_until"": null, ""note"": null}], ""total"": 1, ""offset"": 0, ""limit"": 20}",[]
12. Xem với quyền được cấp [200],GET,/api/v1/brand-rights,200,200,7,True,,"{""items"": [{""id"": 1, ""is_active"": true, ""created_at"": ""2026-09-27T16:26:13.980938Z"", ""updated_at"": ""2026-09-27T16:26:13.980942Z"", ""brand_name"": ""Nhãn muk165nl"", ""holder_name"": ""Công ty A"", ""right_type"": ""COPYRIGHT"", ""product_id"": 1, ""category_id"": null, ""document_url"": null, ""valid_from"": null, ""valid_until"": null, ""note"": null}], ""total"": 1, ""offset"": 0, ""limit"": 20}",[]
13. Mở khi chưa đăng nhập [401],GET,/api/v1/brand-rights,401,401,1,True,,"{""detail"": ""Not authenticated""}",[]
14. Dán token lỗi [401],GET,/api/v1/brand-rights,401,401,2,True,,"{""detail"": ""Token không hợp lệ""}",[]
15. Nhập số trang âm [422],GET,/api/v1/brand-rights,422,422,6,True,,"{""detail"": [{""type"": ""greater_than_equal"", ""loc"": [""query"", ""offset""], ""msg"": ""Input should be greater than or equal to 0"", ""input"": ""-1"", ""ctx"": {""ge"": 0}}]}",[]
16. Nhập kích thước trang bằng 0 [422],GET,/api/v1/brand-rights,422,422,6,True,,"{""detail"": [{""type"": ""greater_than_equal"", ""loc"": [""query"", ""limit""], ""msg"": ""Input should be greater than or equal to 1"", ""input"": ""0"", ""ctx"": {""ge"": 1}}]}",[]
17. Nhập quá 100 dòng [422],GET,/api/v1/brand-rights,422,422,5,True,,"{""detail"": [{""type"": ""less_than_equal"", ""loc"": [""query"", ""limit""], ""msg"": ""Input should be less than or equal to 100"", ""input"": ""101"", ""ctx"": {""le"": 100}}]}",[]
18. Nhập chữ vào số dòng [422],GET,/api/v1/brand-rights,422,422,6,True,,"{""detail"": [{""type"": ""int_parsing"", ""loc"": [""query"", ""limit""], ""msg"": ""Input should be a valid integer, unable to parse string as an integer"", ""input"": ""abc""}]}",[]
19. Tìm tên không có [200],GET,/api/v1/brand-rights,200,200,9,True,,"{""items"": [], ""total"": 0, ""offset"": 0, ""limit"": 20}",[]
20. Xem cả dữ liệu đã ngừng dùng [200],GET,/api/v1/brand-rights,200,200,8,True,,"{""items"": [{""id"": 1, ""is_active"": true, ""created_at"": ""2026-09-27T16:26:13.980938Z"", ""updated_at"": ""2026-09-27T16:26:13.980942Z"", ""brand_name"": ""Nhãn muk165nl"", ""holder_name"": ""Công ty A"", ""right_type"": ""COPYRIGHT"", ""product_id"": 1, ""category_id"": null, ""document_url"": null, ""valid_from"": null, ""valid_until"": null, ""note"": null}], ""total"": 1, ""offset"": 0, ""limit"": 20}",[]
21. Xem chi tiết vừa tạo [200],GET,/api/v1/brand-rights/1,200,200,12,True,,"{""id"": 1, ""is_active"": true, ""created_at"": ""2026-09-27T16:26:13.980938Z"", ""updated_at"": ""2026-09-27T16:26:13.980942Z"", ""brand_name"": ""Nhãn muk165nl"", ""holder_name"": ""Công ty A"", ""right_type"": ""COPYRIGHT"", ""product_id"": 1, ""category_id"": null, ""document_url"": null, ""valid_from"": null, ""valid_until"": null, ""note"": null}",[]
22. Sale/khách xem chi tiết được cấp [200],GET,/api/v1/brand-rights/1,200,200,5,True,,"{""id"": 1, ""is_active"": true, ""created_at"": ""2026-09-27T16:26:13.980938Z"", ""updated_at"": ""2026-09-27T16:26:13.980942Z"", ""brand_name"": ""Nhãn muk165nl"", ""holder_name"": ""Công ty A"", ""right_type"": ""COPYRIGHT"", ""product_id"": 1, ""category_id"": null, ""document_url"": null, ""valid_from"": null, ""valid_until"": null, ""note"": null}",[]
23. Quên token [401],GET,/api/v1/brand-rights/1,401,401,2,True,,"{""detail"": ""Not authenticated""}",[]
24. Token sai [401],GET,/api/v1/brand-rights/1,401,401,2,True,,"{""detail"": ""Token không hợp lệ""}",[]
25. ID không tồn tại [404],GET,/api/v1/brand-rights/9223372036854775806,404,404,7,True,,"{""detail"": ""Không tìm thấy bản ghi danh mục""}",[]
26. ID bằng 0 [422],GET,/api/v1/brand-rights/0,422,422,6,True,,"{""detail"": [{""type"": ""greater_than"", ""loc"": [""path"", ""record_id""], ""msg"": ""Input should be greater than 0"", ""input"": ""0"", ""ctx"": {""gt"": 0}}]}",[]
27. ID âm [422],GET,/api/v1/brand-rights/-1,422,422,7,True,,"{""detail"": [{""type"": ""greater_than"", ""loc"": [""path"", ""record_id""], ""msg"": ""Input should be greater than 0"", ""input"": ""-1"", ""ctx"": {""gt"": 0}}]}",[]
28. Gõ chữ vào ID [422],GET,/api/v1/brand-rights/abc,422,422,8,True,,"{""detail"": [{""type"": ""int_parsing"", ""loc"": [""path"", ""record_id""], ""msg"": ""Input should be a valid integer, unable to parse string as an integer"", ""input"": ""abc""}]}",[]
29. Gõ ID thập phân [422],GET,/api/v1/brand-rights/1.5,422,422,5,True,,"{""detail"": [{""type"": ""int_parsing"", ""loc"": [""path"", ""record_id""], ""msg"": ""Input should be a valid integer, unable to parse string as an integer"", ""input"": ""1.5""}]}",[]
30. ID vượt BIGINT [422],GET,/api/v1/brand-rights/9223372036854775808,422,422,6,True,,"{""detail"": [{""type"": ""less_than_equal"", ""loc"": [""path"", ""record_id""], ""msg"": ""Input should be less than or equal to 9223372036854775807"", ""input"": ""9223372036854775808"", ""ctx"": {""le"": 9223372036854775807}}]}",[]
31. Sửa thông tin hợp lệ [200],PATCH,/api/v1/brand-rights/1,200,200,23,True,"{""holder_name"": ""Công ty B""}","{""id"": 1, ""is_active"": true, ""created_at"": ""2026-09-27T16:26:13.980938Z"", ""updated_at"": ""2026-09-27T16:26:14.469492Z"", ""brand_name"": ""Nhãn muk165nl"", ""holder_name"": ""Công ty B"", ""right_type"": ""COPYRIGHT"", ""product_id"": 1, ""category_id"": null, ""document_url"": null, ""valid_from"": null, ""valid_until"": null, ""note"": null}",[]
32. Sửa khi chưa đăng nhập [401],PATCH,/api/v1/brand-rights/1,401,401,2,True,"{""holder_name"": ""Công ty B""}","{""detail"": ""Not authenticated""}",[]
33. Sửa với token hỏng [401],PATCH,/api/v1/brand-rights/1,401,401,2,True,"{""holder_name"": ""Công ty B""}","{""detail"": ""Token không hợp lệ""}",[]
34. Khách hàng sửa dữ liệu quản trị [403],PATCH,/api/v1/brand-rights/1,403,403,6,True,"{""holder_name"": ""Công ty B""}","{""detail"": ""Bạn không có quyền thực hiện thao tác này""}",[]
35. Sửa ID không tồn tại [404],PATCH,/api/v1/brand-rights/9223372036854775806,404,404,7,True,"{""holder_name"": ""Công ty B""}","{""detail"": ""Không tìm thấy bản ghi danh mục""}",[]
36. Nhập chữ vào ID sửa [422],PATCH,/api/v1/brand-rights/abc,422,422,6,True,"{""holder_name"": ""Công ty B""}","{""detail"": [{""type"": ""int_parsing"", ""loc"": [""path"", ""record_id""], ""msg"": ""Input should be a valid integer, unable to parse string as an integer"", ""input"": ""abc""}]}",[]
37. Nhập sai giá trị khi sửa [422],PATCH,/api/v1/brand-rights/1,422,422,6,True,"{""right_type"": ""WRONG""}","{""detail"": [{""type"": ""enum"", ""loc"": [""body"", ""right_type""], ""msg"": ""Input should be 'COPYRIGHT' or 'DISTRIBUTION_AUTHORIZATION'"", ""input"": ""WRONG"", ""ctx"": {""expected"": ""'COPYRIGHT' or 'DISTRIBUTION_AUTHORIZATION'""}}]}",[]
38. Xóa trắng trường bắt buộc bằng null [422],PATCH,/api/v1/brand-rights/1,422,422,6,True,"{""brand_name"": null}","{""detail"": [{""type"": ""value_error"", ""loc"": [""body""], ""msg"": ""Value error, brand_name không được null"", ""input"": {""brand_name"": null}, ""ctx"": {""error"": {}}}]}",[]
39. Thêm trường lạ khi sửa [422],PATCH,/api/v1/brand-rights/1,422,422,7,True,"{""extra_field"": true}","{""detail"": [{""type"": ""extra_forbidden"", ""loc"": [""body"", ""extra_field""], ""msg"": ""Extra inputs are not permitted"", ""input"": true}]}",[]
40. Gửi form không thay đổi [200],PATCH,/api/v1/brand-rights/1,200,200,13,True,{},"{""id"": 1, ""is_active"": true, ""created_at"": ""2026-09-27T16:26:13.980938Z"", ""updated_at"": ""2026-09-27T16:26:14.621744Z"", ""brand_name"": ""Nhãn muk165nl"", ""holder_name"": ""Công ty B"", ""right_type"": ""COPYRIGHT"", ""product_id"": 1, ""category_id"": null, ""document_url"": null, ""valid_from"": null, ""valid_until"": null, ""note"": null}",[]
01. Nhập đầy đủ thông tin hợp lệ [201],POST,/api/v1/crm/customers,201,201,16,True,"{""code"": ""KH_muk165nl"", ""name"": ""Nguyễn Văn An"", ""sale_id"": ""2"", ""phone"": ""0901234567"", ""credit_limit"": ""1000000""}","{""id"": 1, ""is_active"": true, ""created_at"": ""2026-09-27T16:26:14.645895Z"", ""updated_at"": ""2026-09-27T16:26:14.645899Z"", ""code"": ""KH_MUK165NL"", ""name"": ""Nguyễn Văn An"", ""sale_id"": 2, ""user_id"": null, ""phone"": ""0901234567"", ""email"": null, ""address"": null, ""credit_limit"": ""1000000"", ""note"": null}",[]
02. Quên đăng nhập khi tạo [401],POST,/api/v1/crm/customers,401,401,2,True,"{""code"": ""KH_muk165nl"", ""name"": ""Nguyễn Văn An"", ""sale_id"": ""2"", ""phone"": ""0901234567"", ""credit_limit"": ""1000000""}","{""detail"": ""Not authenticated""}",[]
03. Token bị sửa sai [401],POST,/api/v1/crm/customers,401,401,1,True,"{""code"": ""KH_muk165nl"", ""name"": ""Nguyễn Văn An"", ""sale_id"": ""2"", ""phone"": ""0901234567"", ""credit_limit"": ""1000000""}","{""detail"": ""Token không hợp lệ""}",[]
04. Khách hàng thử tạo dữ liệu quản trị [403],POST,/api/v1/crm/customers,403,403,6,True,"{""code"": ""KH_muk165nl"", ""name"": ""Nguyễn Văn An"", ""sale_id"": ""2"", ""phone"": ""0901234567"", ""credit_limit"": ""1000000""}","{""detail"": ""Bạn không có quyền thực hiện thao tác này""}",[]
05. Bỏ trống toàn bộ form [422],POST,/api/v1/crm/customers,422,422,6,True,{},"{""detail"": [{""type"": ""missing"", ""loc"": [""body"", ""code""], ""msg"": ""Field required"", ""input"": {}}, {""type"": ""missing"", ""loc"": [""body"", ""name""], ""msg"": ""Field required"", ""input"": {}}]}",[]
06. Nhập sai giá trị hoặc ngày tháng [422],POST,/api/v1/crm/customers,422,422,6,True,"{""code"": ""KH_muk165nl"", ""name"": ""Nguyễn Văn An"", ""sale_id"": ""2"", ""phone"": ""0901234567"", ""credit_limit"": ""-1""}","{""detail"": [{""type"": ""greater_than_equal"", ""loc"": [""body"", ""credit_limit""], ""msg"": ""Input should be greater than or equal to 0"", ""input"": ""-1"", ""ctx"": {""ge"": 0}}]}",[]
07. Gửi trường lạ từ form [422],POST,/api/v1/crm/customers,422,422,10,True,"{""code"": ""KH_muk165nl"", ""name"": ""Nguyễn Văn An"", ""sale_id"": ""2"", ""phone"": ""0901234567"", ""credit_limit"": ""1000000"", ""unknown_field"": ""abc""}","{""detail"": [{""type"": ""extra_forbidden"", ""loc"": [""body"", ""unknown_field""], ""msg"": ""Extra inputs are not permitted"", ""input"": ""abc""}]}",[]
08. Để null trường bắt buộc [422],POST,/api/v1/crm/customers,422,422,6,True,"{""code"": ""KH_muk165nl"", ""name"": null, ""sale_id"": ""2"", ""phone"": ""0901234567"", ""credit_limit"": ""1000000""}","{""detail"": [{""type"": ""string_type"", ""loc"": [""body"", ""name""], ""msg"": ""Input should be a valid string"", ""input"": null}]}",[]
09. Bỏ sót trường bắt buộc code [422],POST,/api/v1/crm/customers,422,422,6,True,"{""name"": ""Nguyễn Văn An"", ""sale_id"": ""2"", ""phone"": ""0901234567"", ""credit_limit"": ""1000000""}","{""detail"": [{""type"": ""missing"", ""loc"": [""body"", ""code""], ""msg"": ""Field required"", ""input"": {""name"": ""Nguyễn Văn An"", ""sale_id"": ""2"", ""phone"": ""0901234567"", ""credit_limit"": ""1000000""}}]}",[]
10. Bấm lưu lần nữa gây trùng dữ liệu [409],POST,/api/v1/crm/customers,409,409,13,True,"{""code"": ""KH_muk165nl"", ""name"": ""Nguyễn Văn An"", ""sale_id"": ""2"", ""phone"": ""0901234567"", ""credit_limit"": ""1000000""}","{""detail"": ""Dữ liệu bị trùng hoặc vi phạm ràng buộc""}",[]
11. Mở danh sách [200],GET,/api/v1/crm/customers,200,200,11,True,,"{""items"": [{""id"": 1, ""is_active"": true, ""created_at"": ""2026-09-27T16:26:14.645895Z"", ""updated_at"": ""2026-09-27T16:26:14.645899Z"", ""code"": ""KH_MUK165NL"", ""name"": ""Nguyễn Văn An"", ""sale_id"": 2, ""user_id"": null, ""phone"": ""0901234567"", ""email"": null, ""address"": null, ""credit_limit"": ""1000000.00"", ""note"": null}], ""total"": 1, ""offset"": 0, ""limit"": 20}",[]
12. Xem với quyền được cấp [200],GET,/api/v1/crm/customers,200,200,9,True,,"{""items"": [{""id"": 1, ""is_active"": true, ""created_at"": ""2026-09-27T16:26:14.645895Z"", ""updated_at"": ""2026-09-27T16:26:14.645899Z"", ""code"": ""KH_MUK165NL"", ""name"": ""Nguyễn Văn An"", ""sale_id"": 2, ""user_id"": null, ""phone"": ""0901234567"", ""email"": null, ""address"": null, ""credit_limit"": ""1000000.00"", ""note"": null}], ""total"": 1, ""offset"": 0, ""limit"": 20}",[]
13. Mở khi chưa đăng nhập [401],GET,/api/v1/crm/customers,401,401,1,True,,"{""detail"": ""Not authenticated""}",[]
14. Dán token lỗi [401],GET,/api/v1/crm/customers,401,401,1,True,,"{""detail"": ""Token không hợp lệ""}",[]
15. Nhập số trang âm [422],GET,/api/v1/crm/customers,422,422,6,True,,"{""detail"": [{""type"": ""greater_than_equal"", ""loc"": [""query"", ""offset""], ""msg"": ""Input should be greater than or equal to 0"", ""input"": ""-1"", ""ctx"": {""ge"": 0}}]}",[]
16. Nhập kích thước trang bằng 0 [422],GET,/api/v1/crm/customers,422,422,6,True,,"{""detail"": [{""type"": ""greater_than_equal"", ""loc"": [""query"", ""limit""], ""msg"": ""Input should be greater than or equal to 1"", ""input"": ""0"", ""ctx"": {""ge"": 1}}]}",[]
17. Nhập quá 100 dòng [422],GET,/api/v1/crm/customers,422,422,6,True,,"{""detail"": [{""type"": ""less_than_equal"", ""loc"": [""query"", ""limit""], ""msg"": ""Input should be less than or equal to 100"", ""input"": ""101"", ""ctx"": {""le"": 100}}]}",[]
18. Nhập chữ vào số dòng [422],GET,/api/v1/crm/customers,422,422,7,True,,"{""detail"": [{""type"": ""int_parsing"", ""loc"": [""query"", ""limit""], ""msg"": ""Input should be a valid integer, unable to parse string as an integer"", ""input"": ""abc""}]}",[]
19. Tìm tên không có [200],GET,/api/v1/crm/customers,200,200,7,True,,"{""items"": [], ""total"": 0, ""offset"": 0, ""limit"": 20}",[]
20. Xem cả dữ liệu đã ngừng dùng [200],GET,/api/v1/crm/customers,200,200,8,True,,"{""items"": [{""id"": 1, ""is_active"": true, ""created_at"": ""2026-09-27T16:26:14.645895Z"", ""updated_at"": ""2026-09-27T16:26:14.645899Z"", ""code"": ""KH_MUK165NL"", ""name"": ""Nguyễn Văn An"", ""sale_id"": 2, ""user_id"": null, ""phone"": ""0901234567"", ""email"": null, ""address"": null, ""credit_limit"": ""1000000.00"", ""note"": null}], ""total"": 1, ""offset"": 0, ""limit"": 20}",[]
21. Xem chi tiết vừa tạo [200],GET,/api/v1/crm/customers/1,200,200,6,True,,"{""id"": 1, ""is_active"": true, ""created_at"": ""2026-09-27T16:26:14.645895Z"", ""updated_at"": ""2026-09-27T16:26:14.645899Z"", ""code"": ""KH_MUK165NL"", ""name"": ""Nguyễn Văn An"", ""sale_id"": 2, ""user_id"": null, ""phone"": ""0901234567"", ""email"": null, ""address"": null, ""credit_limit"": ""1000000.00"", ""note"": null}",[]
22. Sale/khách xem chi tiết được cấp [200],GET,/api/v1/crm/customers/1,200,200,6,True,,"{""id"": 1, ""is_active"": true, ""created_at"": ""2026-09-27T16:26:14.645895Z"", ""updated_at"": ""2026-09-27T16:26:14.645899Z"", ""code"": ""KH_MUK165NL"", ""name"": ""Nguyễn Văn An"", ""sale_id"": 2, ""user_id"": null, ""phone"": ""0901234567"", ""email"": null, ""address"": null, ""credit_limit"": ""1000000.00"", ""note"": null}",[]
23. Quên token [401],GET,/api/v1/crm/customers/1,401,401,2,True,,"{""detail"": ""Not authenticated""}",[]
24. Token sai [401],GET,/api/v1/crm/customers/1,401,401,2,True,,"{""detail"": ""Token không hợp lệ""}",[]
25. ID không tồn tại [404],GET,/api/v1/crm/customers/9223372036854775806,404,404,7,True,,"{""detail"": ""Không tìm thấy bản ghi CRM""}",[]
26. ID bằng 0 [422],GET,/api/v1/crm/customers/0,422,422,5,True,,"{""detail"": [{""type"": ""greater_than"", ""loc"": [""path"", ""record_id""], ""msg"": ""Input should be greater than 0"", ""input"": ""0"", ""ctx"": {""gt"": 0}}]}",[]
27. ID âm [422],GET,/api/v1/crm/customers/-1,422,422,9,True,,"{""detail"": [{""type"": ""greater_than"", ""loc"": [""path"", ""record_id""], ""msg"": ""Input should be greater than 0"", ""input"": ""-1"", ""ctx"": {""gt"": 0}}]}",[]
28. Gõ chữ vào ID [422],GET,/api/v1/crm/customers/abc,422,422,6,True,,"{""detail"": [{""type"": ""int_parsing"", ""loc"": [""path"", ""record_id""], ""msg"": ""Input should be a valid integer, unable to parse string as an integer"", ""input"": ""abc""}]}",[]
29. Gõ ID thập phân [422],GET,/api/v1/crm/customers/1.5,422,422,8,True,,"{""detail"": [{""type"": ""int_parsing"", ""loc"": [""path"", ""record_id""], ""msg"": ""Input should be a valid integer, unable to parse string as an integer"", ""input"": ""1.5""}]}",[]
30. ID vượt BIGINT [422],GET,/api/v1/crm/customers/9223372036854775808,422,422,12,True,,"{""detail"": [{""type"": ""less_than_equal"", ""loc"": [""path"", ""record_id""], ""msg"": ""Input should be less than or equal to 9223372036854775807"", ""input"": ""9223372036854775808"", ""ctx"": {""le"": 9223372036854775807}}]}",[]
31. Sửa thông tin hợp lệ [200],PATCH,/api/v1/crm/customers/1,200,200,11,True,"{""name"": ""Nguyễn Văn An đã sửa""}","{""id"": 1, ""is_active"": true, ""created_at"": ""2026-09-27T16:26:14.645895Z"", ""updated_at"": ""2026-09-27T16:26:15.137778Z"", ""code"": ""KH_MUK165NL"", ""name"": ""Nguyễn Văn An đã sửa"", ""sale_id"": 2, ""user_id"": null, ""phone"": ""0901234567"", ""email"": null, ""address"": null, ""credit_limit"": ""1000000.00"", ""note"": null}",[]
32. Sửa khi chưa đăng nhập [401],PATCH,/api/v1/crm/customers/1,401,401,2,True,"{""name"": ""Nguyễn Văn An đã sửa""}","{""detail"": ""Not authenticated""}",[]
33. Sửa với token hỏng [401],PATCH,/api/v1/crm/customers/1,401,401,2,True,"{""name"": ""Nguyễn Văn An đã sửa""}","{""detail"": ""Token không hợp lệ""}",[]
34. Khách hàng sửa dữ liệu quản trị [403],PATCH,/api/v1/crm/customers/1,403,403,6,True,"{""name"": ""Nguyễn Văn An đã sửa""}","{""detail"": ""Bạn không có quyền thực hiện thao tác này""}",[]
35. Sửa ID không tồn tại [404],PATCH,/api/v1/crm/customers/9223372036854775806,404,404,7,True,"{""name"": ""Nguyễn Văn An đã sửa""}","{""detail"": ""Không tìm thấy bản ghi CRM""}",[]
36. Nhập chữ vào ID sửa [422],PATCH,/api/v1/crm/customers/abc,422,422,6,True,"{""name"": ""Nguyễn Văn An đã sửa""}","{""detail"": [{""type"": ""int_parsing"", ""loc"": [""path"", ""record_id""], ""msg"": ""Input should be a valid integer, unable to parse string as an integer"", ""input"": ""abc""}]}",[]
37. Nhập sai giá trị khi sửa [422],PATCH,/api/v1/crm/customers/1,422,422,7,True,"{""credit_limit"": ""-1""}","{""detail"": [{""type"": ""greater_than_equal"", ""loc"": [""body"", ""credit_limit""], ""msg"": ""Input should be greater than or equal to 0"", ""input"": ""-1"", ""ctx"": {""ge"": 0}}]}",[]
38. Xóa trắng trường bắt buộc bằng null [422],PATCH,/api/v1/crm/customers/1,422,422,6,True,"{""name"": null}","{""detail"": [{""type"": ""value_error"", ""loc"": [""body""], ""msg"": ""Value error, name không được null"", ""input"": {""name"": null}, ""ctx"": {""error"": {}}}]}",[]
39. Thêm trường lạ khi sửa [422],PATCH,/api/v1/crm/customers/1,422,422,6,True,"{""extra_field"": true}","{""detail"": [{""type"": ""extra_forbidden"", ""loc"": [""body"", ""extra_field""], ""msg"": ""Extra inputs are not permitted"", ""input"": true}]}",[]
40. Gửi form không thay đổi [200],PATCH,/api/v1/crm/customers/1,200,200,12,True,{},"{""id"": 1, ""is_active"": true, ""created_at"": ""2026-09-27T16:26:14.645895Z"", ""updated_at"": ""2026-09-27T16:26:15.275183Z"", ""code"": ""KH_MUK165NL"", ""name"": ""Nguyễn Văn An đã sửa"", ""sale_id"": 2, ""user_id"": null, ""phone"": ""0901234567"", ""email"": null, ""address"": null, ""credit_limit"": ""1000000.00"", ""note"": null}",[]
01. Nhập đầy đủ thông tin hợp lệ [201],POST,/api/v1/crm/trackings,201,201,15,True,"{""customer_id"": ""1"", ""tracking_code"": ""VD_muk165nl"", ""shipped_on"": ""2026-09-27""}","{""id"": 1, ""is_active"": true, ""created_at"": ""2026-09-27T16:26:15.295280Z"", ""updated_at"": ""2026-09-27T16:26:15.295283Z"", ""customer_id"": 1, ""tracking_code"": ""VD_MUK165NL"", ""shipped_on"": ""2026-09-27"", ""note"": null}",[]
02. Quên đăng nhập khi tạo [401],POST,/api/v1/crm/trackings,401,401,2,True,"{""customer_id"": ""1"", ""tracking_code"": ""VD_muk165nl"", ""shipped_on"": ""2026-09-27""}","{""detail"": ""Not authenticated""}",[]
03. Token bị sửa sai [401],POST,/api/v1/crm/trackings,401,401,2,True,"{""customer_id"": ""1"", ""tracking_code"": ""VD_muk165nl"", ""shipped_on"": ""2026-09-27""}","{""detail"": ""Token không hợp lệ""}",[]
04. Khách hàng thử tạo dữ liệu quản trị [403],POST,/api/v1/crm/trackings,403,403,7,True,"{""customer_id"": ""1"", ""tracking_code"": ""VD_muk165nl"", ""shipped_on"": ""2026-09-27""}","{""detail"": ""Bạn không có quyền thực hiện thao tác này""}",[]
05. Bỏ trống toàn bộ form [422],POST,/api/v1/crm/trackings,422,422,6,True,{},"{""detail"": [{""type"": ""missing"", ""loc"": [""body"", ""customer_id""], ""msg"": ""Field required"", ""input"": {}}, {""type"": ""missing"", ""loc"": [""body"", ""tracking_code""], ""msg"": ""Field required"", ""input"": {}}, {""type"": ""missing"", ""loc"": [""body"", ""shipped_on""], ""msg"": ""Field required"", ""input"": {}}]}",[]
06. Nhập sai giá trị hoặc ngày tháng [422],POST,/api/v1/crm/trackings,422,422,5,True,"{""customer_id"": ""1"", ""tracking_code"": ""VD_muk165nl"", ""shipped_on"": ""2026-02-30""}","{""detail"": [{""type"": ""date_from_datetime_parsing"", ""loc"": [""body"", ""shipped_on""], ""msg"": ""Input should be a valid date or datetime, day value is outside expected range"", ""input"": ""2026-02-30"", ""ctx"": {""error"": ""day value is outside expected range""}}]}",[]
07. Gửi trường lạ từ form [422],POST,/api/v1/crm/trackings,422,422,5,True,"{""customer_id"": ""1"", ""tracking_code"": ""VD_muk165nl"", ""shipped_on"": ""2026-09-27"", ""unknown_field"": ""abc""}","{""detail"": [{""type"": ""extra_forbidden"", ""loc"": [""body"", ""unknown_field""], ""msg"": ""Extra inputs are not permitted"", ""input"": ""abc""}]}",[]
08. Để null trường bắt buộc [422],POST,/api/v1/crm/trackings,422,422,6,True,"{""customer_id"": ""1"", ""tracking_code"": null, ""shipped_on"": ""2026-09-27""}","{""detail"": [{""type"": ""string_type"", ""loc"": [""body"", ""tracking_code""], ""msg"": ""Input should be a valid string"", ""input"": null}]}",[]
09. Bỏ sót trường bắt buộc customer_id [422],POST,/api/v1/crm/trackings,422,422,6,True,"{""tracking_code"": ""VD_muk165nl"", ""shipped_on"": ""2026-09-27""}","{""detail"": [{""type"": ""missing"", ""loc"": [""body"", ""customer_id""], ""msg"": ""Field required"", ""input"": {""tracking_code"": ""VD_muk165nl"", ""shipped_on"": ""2026-09-27""}}]}",[]
10. Bấm lưu lần nữa gây trùng dữ liệu [409],POST,/api/v1/crm/trackings,409,409,12,True,"{""customer_id"": ""1"", ""tracking_code"": ""VD_muk165nl"", ""shipped_on"": ""2026-09-27""}","{""detail"": ""Dữ liệu bị trùng hoặc vi phạm ràng buộc""}",[]
11. Mở danh sách [200],GET,/api/v1/crm/trackings,200,200,12,True,,"{""items"": [{""id"": 1, ""is_active"": true, ""created_at"": ""2026-09-27T16:26:15.295280Z"", ""updated_at"": ""2026-09-27T16:26:15.295283Z"", ""customer_id"": 1, ""tracking_code"": ""VD_MUK165NL"", ""shipped_on"": ""2026-09-27"", ""note"": null}], ""total"": 1, ""offset"": 0, ""limit"": 20}",[]
12. Xem với quyền được cấp [200],GET,/api/v1/crm/trackings,200,200,8,True,,"{""items"": [{""id"": 1, ""is_active"": true, ""created_at"": ""2026-09-27T16:26:15.295280Z"", ""updated_at"": ""2026-09-27T16:26:15.295283Z"", ""customer_id"": 1, ""tracking_code"": ""VD_MUK165NL"", ""shipped_on"": ""2026-09-27"", ""note"": null}], ""total"": 1, ""offset"": 0, ""limit"": 20}",[]
13. Mở khi chưa đăng nhập [401],GET,/api/v1/crm/trackings,401,401,1,True,,"{""detail"": ""Not authenticated""}",[]
14. Dán token lỗi [401],GET,/api/v1/crm/trackings,401,401,1,True,,"{""detail"": ""Token không hợp lệ""}",[]
15. Nhập số trang âm [422],GET,/api/v1/crm/trackings,422,422,6,True,,"{""detail"": [{""type"": ""greater_than_equal"", ""loc"": [""query"", ""offset""], ""msg"": ""Input should be greater than or equal to 0"", ""input"": ""-1"", ""ctx"": {""ge"": 0}}]}",[]
16. Nhập kích thước trang bằng 0 [422],GET,/api/v1/crm/trackings,422,422,6,True,,"{""detail"": [{""type"": ""greater_than_equal"", ""loc"": [""query"", ""limit""], ""msg"": ""Input should be greater than or equal to 1"", ""input"": ""0"", ""ctx"": {""ge"": 1}}]}",[]
17. Nhập quá 100 dòng [422],GET,/api/v1/crm/trackings,422,422,6,True,,"{""detail"": [{""type"": ""less_than_equal"", ""loc"": [""query"", ""limit""], ""msg"": ""Input should be less than or equal to 100"", ""input"": ""101"", ""ctx"": {""le"": 100}}]}",[]
18. Nhập chữ vào số dòng [422],GET,/api/v1/crm/trackings,422,422,5,True,,"{""detail"": [{""type"": ""int_parsing"", ""loc"": [""query"", ""limit""], ""msg"": ""Input should be a valid integer, unable to parse string as an integer"", ""input"": ""abc""}]}",[]
19. Tìm tên không có [200],GET,/api/v1/crm/trackings,200,200,8,True,,"{""items"": [], ""total"": 0, ""offset"": 0, ""limit"": 20}",[]
20. Xem cả dữ liệu đã ngừng dùng [200],GET,/api/v1/crm/trackings,200,200,8,True,,"{""items"": [{""id"": 1, ""is_active"": true, ""created_at"": ""2026-09-27T16:26:15.295280Z"", ""updated_at"": ""2026-09-27T16:26:15.295283Z"", ""customer_id"": 1, ""tracking_code"": ""VD_MUK165NL"", ""shipped_on"": ""2026-09-27"", ""note"": null}], ""total"": 1, ""offset"": 0, ""limit"": 20}",[]
21. Xem chi tiết vừa tạo [200],GET,/api/v1/crm/trackings/1,200,200,7,True,,"{""id"": 1, ""is_active"": true, ""created_at"": ""2026-09-27T16:26:15.295280Z"", ""updated_at"": ""2026-09-27T16:26:15.295283Z"", ""customer_id"": 1, ""tracking_code"": ""VD_MUK165NL"", ""shipped_on"": ""2026-09-27"", ""note"": null}",[]
22. Sale/khách xem chi tiết được cấp [200],GET,/api/v1/crm/trackings/1,200,200,9,True,,"{""id"": 1, ""is_active"": true, ""created_at"": ""2026-09-27T16:26:15.295280Z"", ""updated_at"": ""2026-09-27T16:26:15.295283Z"", ""customer_id"": 1, ""tracking_code"": ""VD_MUK165NL"", ""shipped_on"": ""2026-09-27"", ""note"": null}",[]
23. Quên token [401],GET,/api/v1/crm/trackings/1,401,401,2,True,,"{""detail"": ""Not authenticated""}",[]
24. Token sai [401],GET,/api/v1/crm/trackings/1,401,401,3,True,,"{""detail"": ""Token không hợp lệ""}",[]
25. ID không tồn tại [404],GET,/api/v1/crm/trackings/9223372036854775806,404,404,9,True,,"{""detail"": ""Không tìm thấy bản ghi CRM""}",[]
26. ID bằng 0 [422],GET,/api/v1/crm/trackings/0,422,422,8,True,,"{""detail"": [{""type"": ""greater_than"", ""loc"": [""path"", ""record_id""], ""msg"": ""Input should be greater than 0"", ""input"": ""0"", ""ctx"": {""gt"": 0}}]}",[]
27. ID âm [422],GET,/api/v1/crm/trackings/-1,422,422,7,True,,"{""detail"": [{""type"": ""greater_than"", ""loc"": [""path"", ""record_id""], ""msg"": ""Input should be greater than 0"", ""input"": ""-1"", ""ctx"": {""gt"": 0}}]}",[]
28. Gõ chữ vào ID [422],GET,/api/v1/crm/trackings/abc,422,422,10,True,,"{""detail"": [{""type"": ""int_parsing"", ""loc"": [""path"", ""record_id""], ""msg"": ""Input should be a valid integer, unable to parse string as an integer"", ""input"": ""abc""}]}",[]
29. Gõ ID thập phân [422],GET,/api/v1/crm/trackings/1.5,422,422,10,True,,"{""detail"": [{""type"": ""int_parsing"", ""loc"": [""path"", ""record_id""], ""msg"": ""Input should be a valid integer, unable to parse string as an integer"", ""input"": ""1.5""}]}",[]
30. ID vượt BIGINT [422],GET,/api/v1/crm/trackings/9223372036854775808,422,422,12,True,,"{""detail"": [{""type"": ""less_than_equal"", ""loc"": [""path"", ""record_id""], ""msg"": ""Input should be less than or equal to 9223372036854775807"", ""input"": ""9223372036854775808"", ""ctx"": {""le"": 9223372036854775807}}]}",[]
31. Sửa thông tin hợp lệ [200],PATCH,/api/v1/crm/trackings/1,200,200,27,True,"{""note"": ""Đã gọi xác nhận""}","{""id"": 1, ""is_active"": true, ""created_at"": ""2026-09-27T16:26:15.295280Z"", ""updated_at"": ""2026-09-27T16:26:15.814758Z"", ""customer_id"": 1, ""tracking_code"": ""VD_MUK165NL"", ""shipped_on"": ""2026-09-27"", ""note"": ""Đã gọi xác nhận""}",[]
32. Sửa khi chưa đăng nhập [401],PATCH,/api/v1/crm/trackings/1,401,401,1,True,"{""note"": ""Đã gọi xác nhận""}","{""detail"": ""Not authenticated""}",[]
33. Sửa với token hỏng [401],PATCH,/api/v1/crm/trackings/1,401,401,1,True,"{""note"": ""Đã gọi xác nhận""}","{""detail"": ""Token không hợp lệ""}",[]
34. Khách hàng sửa dữ liệu quản trị [403],PATCH,/api/v1/crm/trackings/1,403,403,6,True,"{""note"": ""Đã gọi xác nhận""}","{""detail"": ""Bạn không có quyền thực hiện thao tác này""}",[]
35. Sửa ID không tồn tại [404],PATCH,/api/v1/crm/trackings/9223372036854775806,404,404,7,True,"{""note"": ""Đã gọi xác nhận""}","{""detail"": ""Không tìm thấy bản ghi CRM""}",[]
36. Nhập chữ vào ID sửa [422],PATCH,/api/v1/crm/trackings/abc,422,422,7,True,"{""note"": ""Đã gọi xác nhận""}","{""detail"": [{""type"": ""int_parsing"", ""loc"": [""path"", ""record_id""], ""msg"": ""Input should be a valid integer, unable to parse string as an integer"", ""input"": ""abc""}]}",[]
37. Nhập sai giá trị khi sửa [422],PATCH,/api/v1/crm/trackings/1,422,422,6,True,"{""shipped_on"": ""2026-02-30""}","{""detail"": [{""type"": ""date_from_datetime_parsing"", ""loc"": [""body"", ""shipped_on""], ""msg"": ""Input should be a valid date or datetime, day value is outside expected range"", ""input"": ""2026-02-30"", ""ctx"": {""error"": ""day value is outside expected range""}}]}",[]
38. Xóa trắng trường bắt buộc bằng null [422],PATCH,/api/v1/crm/trackings/1,422,422,6,True,"{""tracking_code"": null}","{""detail"": [{""type"": ""value_error"", ""loc"": [""body""], ""msg"": ""Value error, tracking_code không được null"", ""input"": {""tracking_code"": null}, ""ctx"": {""error"": {}}}]}",[]
39. Thêm trường lạ khi sửa [422],PATCH,/api/v1/crm/trackings/1,422,422,7,True,"{""extra_field"": true}","{""detail"": [{""type"": ""extra_forbidden"", ""loc"": [""body"", ""extra_field""], ""msg"": ""Extra inputs are not permitted"", ""input"": true}]}",[]
40. Gửi form không thay đổi [200],PATCH,/api/v1/crm/trackings/1,200,200,12,True,{},"{""id"": 1, ""is_active"": true, ""created_at"": ""2026-09-27T16:26:15.295280Z"", ""updated_at"": ""2026-09-27T16:26:15.968206Z"", ""customer_id"": 1, ""tracking_code"": ""VD_MUK165NL"", ""shipped_on"": ""2026-09-27"", ""note"": ""Đã gọi xác nhận""}",[]
01. Nhập đầy đủ thông tin hợp lệ [201],POST,/api/v1/crm/care-tasks,201,201,13,True,"{""customer_id"": ""1"", ""title"": ""Gọi tư vấn đơn hàng"", ""due_on"": ""2026-10-01""}","{""id"": 1, ""is_active"": true, ""created_at"": ""2026-09-27T16:26:15.988648Z"", ""updated_at"": ""2026-09-27T16:26:15.988652Z"", ""customer_id"": 1, ""title"": ""Gọi tư vấn đơn hàng"", ""due_on"": ""2026-10-01"", ""status"": ""NEW"", ""note"": null}",[]
02. Quên đăng nhập khi tạo [401],POST,/api/v1/crm/care-tasks,401,401,1,True,"{""customer_id"": ""1"", ""title"": ""Gọi tư vấn đơn hàng"", ""due_on"": ""2026-10-01""}","{""detail"": ""Not authenticated""}",[]
03. Token bị sửa sai [401],POST,/api/v1/crm/care-tasks,401,401,2,True,"{""customer_id"": ""1"", ""title"": ""Gọi tư vấn đơn hàng"", ""due_on"": ""2026-10-01""}","{""detail"": ""Token không hợp lệ""}",[]
04. Khách hàng thử tạo dữ liệu quản trị [403],POST,/api/v1/crm/care-tasks,403,403,8,True,"{""customer_id"": ""1"", ""title"": ""Gọi tư vấn đơn hàng"", ""due_on"": ""2026-10-01""}","{""detail"": ""Bạn không có quyền thực hiện thao tác này""}",[]
05. Bỏ trống toàn bộ form [422],POST,/api/v1/crm/care-tasks,422,422,6,True,{},"{""detail"": [{""type"": ""missing"", ""loc"": [""body"", ""customer_id""], ""msg"": ""Field required"", ""input"": {}}, {""type"": ""missing"", ""loc"": [""body"", ""title""], ""msg"": ""Field required"", ""input"": {}}, {""type"": ""missing"", ""loc"": [""body"", ""due_on""], ""msg"": ""Field required"", ""input"": {}}]}",[]
06. Nhập sai giá trị hoặc ngày tháng [422],POST,/api/v1/crm/care-tasks,422,422,21,True,"{""customer_id"": ""1"", ""title"": ""Gọi tư vấn đơn hàng"", ""due_on"": ""2026-10-01"", ""status"": ""UNKNOWN""}","{""detail"": [{""type"": ""literal_error"", ""loc"": [""body"", ""status""], ""msg"": ""Input should be 'NEW', 'CONTACTED', 'FOLLOW_UP', 'COMPLETED' or 'CANCELLED'"", ""input"": ""UNKNOWN"", ""ctx"": {""expected"": ""'NEW', 'CONTACTED', 'FOLLOW_UP', 'COMPLETED' or 'CANCELLED'""}}]}",[]
07. Gửi trường lạ từ form [422],POST,/api/v1/crm/care-tasks,422,422,7,True,"{""customer_id"": ""1"", ""title"": ""Gọi tư vấn đơn hàng"", ""due_on"": ""2026-10-01"", ""unknown_field"": ""abc""}","{""detail"": [{""type"": ""extra_forbidden"", ""loc"": [""body"", ""unknown_field""], ""msg"": ""Extra inputs are not permitted"", ""input"": ""abc""}]}",[]
08. Để null trường bắt buộc [422],POST,/api/v1/crm/care-tasks,422,422,8,True,"{""customer_id"": ""1"", ""title"": null, ""due_on"": ""2026-10-01""}","{""detail"": [{""type"": ""string_type"", ""loc"": [""body"", ""title""], ""msg"": ""Input should be a valid string"", ""input"": null}]}",[]
09. Bỏ sót trường bắt buộc customer_id [422],POST,/api/v1/crm/care-tasks,422,422,5,True,"{""title"": ""Gọi tư vấn đơn hàng"", ""due_on"": ""2026-10-01""}","{""detail"": [{""type"": ""missing"", ""loc"": [""body"", ""customer_id""], ""msg"": ""Field required"", ""input"": {""title"": ""Gọi tư vấn đơn hàng"", ""due_on"": ""2026-10-01""}}]}",[]
10. Nhập ID liên kết không tồn tại [422],POST,/api/v1/crm/care-tasks,422,422,7,True,"{""customer_id"": 9223372036854775806, ""title"": ""Gọi tư vấn đơn hàng"", ""due_on"": ""2026-10-01""}","{""detail"": ""Khách hàng không tồn tại hoặc đã ngừng hoạt động""}",[]
11. Mở danh sách [200],GET,/api/v1/crm/care-tasks,200,200,10,True,,"{""items"": [{""id"": 1, ""is_active"": true, ""created_at"": ""2026-09-27T16:26:15.988648Z"", ""updated_at"": ""2026-09-27T16:26:15.988652Z"", ""customer_id"": 1, ""title"": ""Gọi tư vấn đơn hàng"", ""due_on"": ""2026-10-01"", ""status"": ""NEW"", ""note"": null}], ""total"": 1, ""offset"": 0, ""limit"": 20}",[]
12. Xem với quyền được cấp [200],GET,/api/v1/crm/care-tasks,200,200,10,True,,"{""items"": [{""id"": 1, ""is_active"": true, ""created_at"": ""2026-09-27T16:26:15.988648Z"", ""updated_at"": ""2026-09-27T16:26:15.988652Z"", ""customer_id"": 1, ""title"": ""Gọi tư vấn đơn hàng"", ""due_on"": ""2026-10-01"", ""status"": ""NEW"", ""note"": null}], ""total"": 1, ""offset"": 0, ""limit"": 20}",[]
13. Mở khi chưa đăng nhập [401],GET,/api/v1/crm/care-tasks,401,401,2,True,,"{""detail"": ""Not authenticated""}",[]
14. Dán token lỗi [401],GET,/api/v1/crm/care-tasks,401,401,2,True,,"{""detail"": ""Token không hợp lệ""}",[]
15. Nhập số trang âm [422],GET,/api/v1/crm/care-tasks,422,422,12,True,,"{""detail"": [{""type"": ""greater_than_equal"", ""loc"": [""query"", ""offset""], ""msg"": ""Input should be greater than or equal to 0"", ""input"": ""-1"", ""ctx"": {""ge"": 0}}]}",[]
16. Nhập kích thước trang bằng 0 [422],GET,/api/v1/crm/care-tasks,422,422,8,True,,"{""detail"": [{""type"": ""greater_than_equal"", ""loc"": [""query"", ""limit""], ""msg"": ""Input should be greater than or equal to 1"", ""input"": ""0"", ""ctx"": {""ge"": 1}}]}",[]
17. Nhập quá 100 dòng [422],GET,/api/v1/crm/care-tasks,422,422,6,True,,"{""detail"": [{""type"": ""less_than_equal"", ""loc"": [""query"", ""limit""], ""msg"": ""Input should be less than or equal to 100"", ""input"": ""101"", ""ctx"": {""le"": 100}}]}",[]
18. Nhập chữ vào số dòng [422],GET,/api/v1/crm/care-tasks,422,422,8,True,,"{""detail"": [{""type"": ""int_parsing"", ""loc"": [""query"", ""limit""], ""msg"": ""Input should be a valid integer, unable to parse string as an integer"", ""input"": ""abc""}]}",[]
19. Tìm tên không có [200],GET,/api/v1/crm/care-tasks,200,200,8,True,,"{""items"": [], ""total"": 0, ""offset"": 0, ""limit"": 20}",[]
20. Xem cả dữ liệu đã ngừng dùng [200],GET,/api/v1/crm/care-tasks,200,200,7,True,,"{""items"": [{""id"": 1, ""is_active"": true, ""created_at"": ""2026-09-27T16:26:15.988648Z"", ""updated_at"": ""2026-09-27T16:26:15.988652Z"", ""customer_id"": 1, ""title"": ""Gọi tư vấn đơn hàng"", ""due_on"": ""2026-10-01"", ""status"": ""NEW"", ""note"": null}], ""total"": 1, ""offset"": 0, ""limit"": 20}",[]
21. Xem chi tiết vừa tạo [200],GET,/api/v1/crm/care-tasks/1,200,200,12,True,,"{""id"": 1, ""is_active"": true, ""created_at"": ""2026-09-27T16:26:15.988648Z"", ""updated_at"": ""2026-09-27T16:26:15.988652Z"", ""customer_id"": 1, ""title"": ""Gọi tư vấn đơn hàng"", ""due_on"": ""2026-10-01"", ""status"": ""NEW"", ""note"": null}",[]
22. Sale/khách xem chi tiết được cấp [200],GET,/api/v1/crm/care-tasks/1,200,200,8,True,,"{""id"": 1, ""is_active"": true, ""created_at"": ""2026-09-27T16:26:15.988648Z"", ""updated_at"": ""2026-09-27T16:26:15.988652Z"", ""customer_id"": 1, ""title"": ""Gọi tư vấn đơn hàng"", ""due_on"": ""2026-10-01"", ""status"": ""NEW"", ""note"": null}",[]
23. Quên token [401],GET,/api/v1/crm/care-tasks/1,401,401,2,True,,"{""detail"": ""Not authenticated""}",[]
24. Token sai [401],GET,/api/v1/crm/care-tasks/1,401,401,1,True,,"{""detail"": ""Token không hợp lệ""}",[]
25. ID không tồn tại [404],GET,/api/v1/crm/care-tasks/9223372036854775806,404,404,6,True,,"{""detail"": ""Không tìm thấy bản ghi CRM""}",[]
26. ID bằng 0 [422],GET,/api/v1/crm/care-tasks/0,422,422,5,True,,"{""detail"": [{""type"": ""greater_than"", ""loc"": [""path"", ""record_id""], ""msg"": ""Input should be greater than 0"", ""input"": ""0"", ""ctx"": {""gt"": 0}}]}",[]
27. ID âm [422],GET,/api/v1/crm/care-tasks/-1,422,422,5,True,,"{""detail"": [{""type"": ""greater_than"", ""loc"": [""path"", ""record_id""], ""msg"": ""Input should be greater than 0"", ""input"": ""-1"", ""ctx"": {""gt"": 0}}]}",[]
28. Gõ chữ vào ID [422],GET,/api/v1/crm/care-tasks/abc,422,422,6,True,,"{""detail"": [{""type"": ""int_parsing"", ""loc"": [""path"", ""record_id""], ""msg"": ""Input should be a valid integer, unable to parse string as an integer"", ""input"": ""abc""}]}",[]
29. Gõ ID thập phân [422],GET,/api/v1/crm/care-tasks/1.5,422,422,6,True,,"{""detail"": [{""type"": ""int_parsing"", ""loc"": [""path"", ""record_id""], ""msg"": ""Input should be a valid integer, unable to parse string as an integer"", ""input"": ""1.5""}]}",[]
30. ID vượt BIGINT [422],GET,/api/v1/crm/care-tasks/9223372036854775808,422,422,8,True,,"{""detail"": [{""type"": ""less_than_equal"", ""loc"": [""path"", ""record_id""], ""msg"": ""Input should be less than or equal to 9223372036854775807"", ""input"": ""9223372036854775808"", ""ctx"": {""le"": 9223372036854775807}}]}",[]
31. Sửa thông tin hợp lệ [200],PATCH,/api/v1/crm/care-tasks/1,200,200,16,True,"{""status"": ""CONTACTED""}","{""id"": 1, ""is_active"": true, ""created_at"": ""2026-09-27T16:26:15.988648Z"", ""updated_at"": ""2026-09-27T16:26:16.505375Z"", ""customer_id"": 1, ""title"": ""Gọi tư vấn đơn hàng"", ""due_on"": ""2026-10-01"", ""status"": ""CONTACTED"", ""note"": null}",[]
32. Sửa khi chưa đăng nhập [401],PATCH,/api/v1/crm/care-tasks/1,401,401,1,True,"{""status"": ""CONTACTED""}","{""detail"": ""Not authenticated""}",[]
33. Sửa với token hỏng [401],PATCH,/api/v1/crm/care-tasks/1,401,401,1,True,"{""status"": ""CONTACTED""}","{""detail"": ""Token không hợp lệ""}",[]
34. Khách hàng sửa dữ liệu quản trị [403],PATCH,/api/v1/crm/care-tasks/1,403,403,7,True,"{""status"": ""CONTACTED""}","{""detail"": ""Bạn không có quyền thực hiện thao tác này""}",[]
35. Sửa ID không tồn tại [404],PATCH,/api/v1/crm/care-tasks/9223372036854775806,404,404,7,True,"{""status"": ""CONTACTED""}","{""detail"": ""Không tìm thấy bản ghi CRM""}",[]
36. Nhập chữ vào ID sửa [422],PATCH,/api/v1/crm/care-tasks/abc,422,422,7,True,"{""status"": ""CONTACTED""}","{""detail"": [{""type"": ""int_parsing"", ""loc"": [""path"", ""record_id""], ""msg"": ""Input should be a valid integer, unable to parse string as an integer"", ""input"": ""abc""}]}",[]
37. Nhập sai giá trị khi sửa [422],PATCH,/api/v1/crm/care-tasks/1,422,422,9,True,"{""status"": ""UNKNOWN""}","{""detail"": [{""type"": ""literal_error"", ""loc"": [""body"", ""status""], ""msg"": ""Input should be 'NEW', 'CONTACTED', 'FOLLOW_UP', 'COMPLETED' or 'CANCELLED'"", ""input"": ""UNKNOWN"", ""ctx"": {""expected"": ""'NEW', 'CONTACTED', 'FOLLOW_UP', 'COMPLETED' or 'CANCELLED'""}}]}",[]
38. Xóa trắng trường bắt buộc bằng null [422],PATCH,/api/v1/crm/care-tasks/1,422,422,7,True,"{""title"": null}","{""detail"": [{""type"": ""value_error"", ""loc"": [""body""], ""msg"": ""Value error, title không được null"", ""input"": {""title"": null}, ""ctx"": {""error"": {}}}]}",[]
39. Thêm trường lạ khi sửa [422],PATCH,/api/v1/crm/care-tasks/1,422,422,9,True,"{""extra_field"": true}","{""detail"": [{""type"": ""extra_forbidden"", ""loc"": [""body"", ""extra_field""], ""msg"": ""Extra inputs are not permitted"", ""input"": true}]}",[]
40. Gửi form không thay đổi [200],PATCH,/api/v1/crm/care-tasks/1,200,200,19,True,{},"{""id"": 1, ""is_active"": true, ""created_at"": ""2026-09-27T16:26:15.988648Z"", ""updated_at"": ""2026-09-27T16:26:16.671489Z"", ""customer_id"": 1, ""title"": ""Gọi tư vấn đơn hàng"", ""due_on"": ""2026-10-01"", ""status"": ""CONTACTED"", ""note"": null}",[]
01. Nhập đầy đủ thông tin hợp lệ [201],POST,/api/v1/crm/sales-plans,201,201,13,True,"{""sale_id"": ""2"", ""period_type"": ""MONTH"", ""period_start"": ""2030-01-01"", ""target_amount"": ""50000000""}","{""id"": 1, ""is_active"": true, ""created_at"": ""2026-09-27T16:26:16.695298Z"", ""updated_at"": ""2026-09-27T16:26:16.695301Z"", ""sale_id"": 2, ""period_start"": ""2030-01-01"", ""period_type"": ""MONTH"", ""target_amount"": ""50000000"", ""actual_amount"": ""0"", ""note"": null}",[]
02. Quên đăng nhập khi tạo [401],POST,/api/v1/crm/sales-plans,401,401,2,True,"{""sale_id"": ""2"", ""period_type"": ""MONTH"", ""period_start"": ""2030-01-01"", ""target_amount"": ""50000000""}","{""detail"": ""Not authenticated""}",[]
03. Token bị sửa sai [401],POST,/api/v1/crm/sales-plans,401,401,2,True,"{""sale_id"": ""2"", ""period_type"": ""MONTH"", ""period_start"": ""2030-01-01"", ""target_amount"": ""50000000""}","{""detail"": ""Token không hợp lệ""}",[]
04. Khách hàng thử tạo dữ liệu quản trị [403],POST,/api/v1/crm/sales-plans,403,403,8,True,"{""sale_id"": ""2"", ""period_type"": ""MONTH"", ""period_start"": ""2030-01-01"", ""target_amount"": ""50000000""}","{""detail"": ""Bạn không có quyền thực hiện thao tác này""}",[]
05. Bỏ trống toàn bộ form [422],POST,/api/v1/crm/sales-plans,422,422,7,True,{},"{""detail"": [{""type"": ""missing"", ""loc"": [""body"", ""sale_id""], ""msg"": ""Field required"", ""input"": {}}, {""type"": ""missing"", ""loc"": [""body"", ""period_start""], ""msg"": ""Field required"", ""input"": {}}, {""type"": ""missing"", ""loc"": [""body"", ""period_type""], ""msg"": ""Field required"", ""input"": {}}, {""type"": ""missing"", ""loc"": [""body"", ""target_amount""], ""msg"": ""Field required"", ""input"": {}}]}",[]
06. Nhập sai giá trị hoặc ngày tháng [422],POST,/api/v1/crm/sales-plans,422,422,8,True,"{""sale_id"": ""2"", ""period_type"": ""MONTH"", ""period_start"": ""2030-01-01"", ""target_amount"": ""-1""}","{""detail"": [{""type"": ""greater_than"", ""loc"": [""body"", ""target_amount""], ""msg"": ""Input should be greater than 0"", ""input"": ""-1"", ""ctx"": {""gt"": 0}}]}",[]
07. Gửi trường lạ từ form [422],POST,/api/v1/crm/sales-plans,422,422,7,True,"{""sale_id"": ""2"", ""period_type"": ""MONTH"", ""period_start"": ""2030-01-01"", ""target_amount"": ""50000000"", ""unknown_field"": ""abc""}","{""detail"": [{""type"": ""extra_forbidden"", ""loc"": [""body"", ""unknown_field""], ""msg"": ""Extra inputs are not permitted"", ""input"": ""abc""}]}",[]
08. Để null trường bắt buộc [422],POST,/api/v1/crm/sales-plans,422,422,7,True,"{""sale_id"": ""2"", ""period_type"": ""MONTH"", ""period_start"": ""2030-01-01"", ""target_amount"": null}","{""detail"": [{""type"": ""decimal_type"", ""loc"": [""body"", ""target_amount""], ""msg"": ""Decimal input should be an integer, float, string or Decimal object"", ""input"": null}]}",[]
09. Bỏ sót trường bắt buộc sale_id [422],POST,/api/v1/crm/sales-plans,422,422,6,True,"{""period_type"": ""MONTH"", ""period_start"": ""2030-01-01"", ""target_amount"": ""50000000""}","{""detail"": [{""type"": ""missing"", ""loc"": [""body"", ""sale_id""], ""msg"": ""Field required"", ""input"": {""period_type"": ""MONTH"", ""period_start"": ""2030-01-01"", ""target_amount"": ""50000000""}}]}",[]
10. Bấm lưu lần nữa gây trùng dữ liệu [409],POST,/api/v1/crm/sales-plans,409,409,13,True,"{""sale_id"": ""2"", ""period_type"": ""MONTH"", ""period_start"": ""2030-01-01"", ""target_amount"": ""50000000""}","{""detail"": ""Dữ liệu bị trùng hoặc vi phạm ràng buộc""}",[]
11. Mở danh sách [200],GET,/api/v1/crm/sales-plans,200,200,10,True,,"{""items"": [{""id"": 1, ""is_active"": true, ""created_at"": ""2026-09-27T16:26:16.695298Z"", ""updated_at"": ""2026-09-27T16:26:16.695301Z"", ""sale_id"": 2, ""period_start"": ""2030-01-01"", ""period_type"": ""MONTH"", ""target_amount"": ""50000000.00"", ""actual_amount"": ""0.00"", ""note"": null}], ""total"": 1, ""offset"": 0, ""limit"": 20}",[]
12. Xem với quyền được cấp [200],GET,/api/v1/crm/sales-plans,200,200,15,True,,"{""items"": [{""id"": 1, ""is_active"": true, ""created_at"": ""2026-09-27T16:26:16.695298Z"", ""updated_at"": ""2026-09-27T16:26:16.695301Z"", ""sale_id"": 2, ""period_start"": ""2030-01-01"", ""period_type"": ""MONTH"", ""target_amount"": ""50000000.00"", ""actual_amount"": ""0.00"", ""note"": null}], ""total"": 1, ""offset"": 0, ""limit"": 20}",[]
13. Mở khi chưa đăng nhập [401],GET,/api/v1/crm/sales-plans,401,401,3,True,,"{""detail"": ""Not authenticated""}",[]
14. Dán token lỗi [401],GET,/api/v1/crm/sales-plans,401,401,3,True,,"{""detail"": ""Token không hợp lệ""}",[]
15. Nhập số trang âm [422],GET,/api/v1/crm/sales-plans,422,422,15,True,,"{""detail"": [{""type"": ""greater_than_equal"", ""loc"": [""query"", ""offset""], ""msg"": ""Input should be greater than or equal to 0"", ""input"": ""-1"", ""ctx"": {""ge"": 0}}]}",[]
16. Nhập kích thước trang bằng 0 [422],GET,/api/v1/crm/sales-plans,422,422,11,True,,"{""detail"": [{""type"": ""greater_than_equal"", ""loc"": [""query"", ""limit""], ""msg"": ""Input should be greater than or equal to 1"", ""input"": ""0"", ""ctx"": {""ge"": 1}}]}",[]
17. Nhập quá 100 dòng [422],GET,/api/v1/crm/sales-plans,422,422,9,True,,"{""detail"": [{""type"": ""less_than_equal"", ""loc"": [""query"", ""limit""], ""msg"": ""Input should be less than or equal to 100"", ""input"": ""101"", ""ctx"": {""le"": 100}}]}",[]
18. Nhập chữ vào số dòng [422],GET,/api/v1/crm/sales-plans,422,422,10,True,,"{""detail"": [{""type"": ""int_parsing"", ""loc"": [""query"", ""limit""], ""msg"": ""Input should be a valid integer, unable to parse string as an integer"", ""input"": ""abc""}]}",[]
19. Tìm tên không có [200],GET,/api/v1/crm/sales-plans,200,200,13,True,,"{""items"": [], ""total"": 0, ""offset"": 0, ""limit"": 20}",[]
20. Xem cả dữ liệu đã ngừng dùng [200],GET,/api/v1/crm/sales-plans,200,200,15,True,,"{""items"": [{""id"": 1, ""is_active"": true, ""created_at"": ""2026-09-27T16:26:16.695298Z"", ""updated_at"": ""2026-09-27T16:26:16.695301Z"", ""sale_id"": 2, ""period_start"": ""2030-01-01"", ""period_type"": ""MONTH"", ""target_amount"": ""50000000.00"", ""actual_amount"": ""0.00"", ""note"": null}], ""total"": 1, ""offset"": 0, ""limit"": 20}",[]
21. Xem chi tiết vừa tạo [200],GET,/api/v1/crm/sales-plans/1,200,200,16,True,,"{""id"": 1, ""is_active"": true, ""created_at"": ""2026-09-27T16:26:16.695298Z"", ""updated_at"": ""2026-09-27T16:26:16.695301Z"", ""sale_id"": 2, ""period_start"": ""2030-01-01"", ""period_type"": ""MONTH"", ""target_amount"": ""50000000.00"", ""actual_amount"": ""0.00"", ""note"": null}",[]
22. Sale/khách xem chi tiết được cấp [200],GET,/api/v1/crm/sales-plans/1,200,200,5,True,,"{""id"": 1, ""is_active"": true, ""created_at"": ""2026-09-27T16:26:16.695298Z"", ""updated_at"": ""2026-09-27T16:26:16.695301Z"", ""sale_id"": 2, ""period_start"": ""2030-01-01"", ""period_type"": ""MONTH"", ""target_amount"": ""50000000.00"", ""actual_amount"": ""0.00"", ""note"": null}",[]
23. Quên token [401],GET,/api/v1/crm/sales-plans/1,401,401,4,True,,"{""detail"": ""Not authenticated""}",[]
24. Token sai [401],GET,/api/v1/crm/sales-plans/1,401,401,4,True,,"{""detail"": ""Token không hợp lệ""}",[]
25. ID không tồn tại [404],GET,/api/v1/crm/sales-plans/9223372036854775806,404,404,7,True,,"{""detail"": ""Không tìm thấy bản ghi CRM""}",[]
26. ID bằng 0 [422],GET,/api/v1/crm/sales-plans/0,422,422,6,True,,"{""detail"": [{""type"": ""greater_than"", ""loc"": [""path"", ""record_id""], ""msg"": ""Input should be greater than 0"", ""input"": ""0"", ""ctx"": {""gt"": 0}}]}",[]
27. ID âm [422],GET,/api/v1/crm/sales-plans/-1,422,422,7,True,,"{""detail"": [{""type"": ""greater_than"", ""loc"": [""path"", ""record_id""], ""msg"": ""Input should be greater than 0"", ""input"": ""-1"", ""ctx"": {""gt"": 0}}]}",[]
28. Gõ chữ vào ID [422],GET,/api/v1/crm/sales-plans/abc,422,422,7,True,,"{""detail"": [{""type"": ""int_parsing"", ""loc"": [""path"", ""record_id""], ""msg"": ""Input should be a valid integer, unable to parse string as an integer"", ""input"": ""abc""}]}",[]
29. Gõ ID thập phân [422],GET,/api/v1/crm/sales-plans/1.5,422,422,6,True,,"{""detail"": [{""type"": ""int_parsing"", ""loc"": [""path"", ""record_id""], ""msg"": ""Input should be a valid integer, unable to parse string as an integer"", ""input"": ""1.5""}]}",[]
30. ID vượt BIGINT [422],GET,/api/v1/crm/sales-plans/9223372036854775808,422,422,5,True,,"{""detail"": [{""type"": ""less_than_equal"", ""loc"": [""path"", ""record_id""], ""msg"": ""Input should be less than or equal to 9223372036854775807"", ""input"": ""9223372036854775808"", ""ctx"": {""le"": 9223372036854775807}}]}",[]
31. Sửa thông tin hợp lệ [200],PATCH,/api/v1/crm/sales-plans/1,200,200,16,True,"{""actual_amount"": ""2000000""}","{""id"": 1, ""is_active"": true, ""created_at"": ""2026-09-27T16:26:16.695298Z"", ""updated_at"": ""2026-09-27T16:26:17.275236Z"", ""sale_id"": 2, ""period_start"": ""2030-01-01"", ""period_type"": ""MONTH"", ""target_amount"": ""50000000.00"", ""actual_amount"": ""2000000"", ""note"": null}",[]
32. Sửa khi chưa đăng nhập [401],PATCH,/api/v1/crm/sales-plans/1,401,401,2,True,"{""actual_amount"": ""2000000""}","{""detail"": ""Not authenticated""}",[]
33. Sửa với token hỏng [401],PATCH,/api/v1/crm/sales-plans/1,401,401,2,True,"{""actual_amount"": ""2000000""}","{""detail"": ""Token không hợp lệ""}",[]
34. Khách hàng sửa dữ liệu quản trị [403],PATCH,/api/v1/crm/sales-plans/1,403,403,5,True,"{""actual_amount"": ""2000000""}","{""detail"": ""Bạn không có quyền thực hiện thao tác này""}",[]
35. Sửa ID không tồn tại [404],PATCH,/api/v1/crm/sales-plans/9223372036854775806,404,404,7,True,"{""actual_amount"": ""2000000""}","{""detail"": ""Không tìm thấy bản ghi CRM""}",[]
36. Nhập chữ vào ID sửa [422],PATCH,/api/v1/crm/sales-plans/abc,422,422,6,True,"{""actual_amount"": ""2000000""}","{""detail"": [{""type"": ""int_parsing"", ""loc"": [""path"", ""record_id""], ""msg"": ""Input should be a valid integer, unable to parse string as an integer"", ""input"": ""abc""}]}",[]
37. Nhập sai giá trị khi sửa [422],PATCH,/api/v1/crm/sales-plans/1,422,422,5,True,"{""target_amount"": ""-1""}","{""detail"": [{""type"": ""greater_than"", ""loc"": [""body"", ""target_amount""], ""msg"": ""Input should be greater than 0"", ""input"": ""-1"", ""ctx"": {""gt"": 0}}]}",[]
38. Xóa trắng trường bắt buộc bằng null [422],PATCH,/api/v1/crm/sales-plans/1,422,422,7,True,"{""target_amount"": null}","{""detail"": [{""type"": ""value_error"", ""loc"": [""body""], ""msg"": ""Value error, target_amount không được null"", ""input"": {""target_amount"": null}, ""ctx"": {""error"": {}}}]}",[]
39. Thêm trường lạ khi sửa [422],PATCH,/api/v1/crm/sales-plans/1,422,422,8,True,"{""extra_field"": true}","{""detail"": [{""type"": ""extra_forbidden"", ""loc"": [""body"", ""extra_field""], ""msg"": ""Extra inputs are not permitted"", ""input"": true}]}",[]
40. Gửi form không thay đổi [200],PATCH,/api/v1/crm/sales-plans/1,200,200,15,True,{},"{""id"": 1, ""is_active"": true, ""created_at"": ""2026-09-27T16:26:16.695298Z"", ""updated_at"": ""2026-09-27T16:26:17.420948Z"", ""sale_id"": 2, ""period_start"": ""2030-01-01"", ""period_type"": ""MONTH"", ""target_amount"": ""50000000.00"", ""actual_amount"": ""2000000.00"", ""note"": null}",[]
01. Nhập đầy đủ thông tin hợp lệ [201],POST,/api/v1/crm/service-reviews,201,201,15,True,"{""customer_id"": ""1"", ""period_start"": ""2026-09-01"", ""period_end"": ""2026-09-30"", ""rating"": 5, ""comment"": ""Giao hàng đúng hẹn""}","{""id"": 1, ""is_active"": true, ""created_at"": ""2026-09-27T16:26:17.445529Z"", ""updated_at"": ""2026-09-27T16:26:17.445532Z"", ""customer_id"": 1, ""period_start"": ""2026-09-01"", ""period_end"": ""2026-09-30"", ""rating"": 5, ""comment"": ""Giao hàng đúng hẹn""}",[]
02. Quên đăng nhập khi tạo [401],POST,/api/v1/crm/service-reviews,401,401,2,True,"{""customer_id"": ""1"", ""period_start"": ""2026-09-01"", ""period_end"": ""2026-09-30"", ""rating"": 5, ""comment"": ""Giao hàng đúng hẹn""}","{""detail"": ""Not authenticated""}",[]
03. Token bị sửa sai [401],POST,/api/v1/crm/service-reviews,401,401,2,True,"{""customer_id"": ""1"", ""period_start"": ""2026-09-01"", ""period_end"": ""2026-09-30"", ""rating"": 5, ""comment"": ""Giao hàng đúng hẹn""}","{""detail"": ""Token không hợp lệ""}",[]
04. Khách hàng thử tạo dữ liệu quản trị [403],POST,/api/v1/crm/service-reviews,403,403,5,True,"{""customer_id"": ""1"", ""period_start"": ""2026-09-01"", ""period_end"": ""2026-09-30"", ""rating"": 5, ""comment"": ""Giao hàng đúng hẹn""}","{""detail"": ""Bạn không có quyền thực hiện thao tác này""}",[]
05. Bỏ trống toàn bộ form [422],POST,/api/v1/crm/service-reviews,422,422,6,True,{},"{""detail"": [{""type"": ""missing"", ""loc"": [""body"", ""customer_id""], ""msg"": ""Field required"", ""input"": {}}, {""type"": ""missing"", ""loc"": [""body"", ""period_start""], ""msg"": ""Field required"", ""input"": {}}, {""type"": ""missing"", ""loc"": [""body"", ""period_end""], ""msg"": ""Field required"", ""input"": {}}, {""type"": ""missing"", ""loc"": [""body"", ""rating""], ""msg"": ""Field required"", ""input"": {}}]}",[]
06. Nhập sai giá trị hoặc ngày tháng [422],POST,/api/v1/crm/service-reviews,422,422,6,True,"{""customer_id"": ""1"", ""period_start"": ""2026-09-01"", ""period_end"": ""2026-09-30"", ""rating"": 6, ""comment"": ""Giao hàng đúng hẹn""}","{""detail"": [{""type"": ""less_than_equal"", ""loc"": [""body"", ""rating""], ""msg"": ""Input should be less than or equal to 5"", ""input"": 6, ""ctx"": {""le"": 5}}]}",[]
07. Gửi trường lạ từ form [422],POST,/api/v1/crm/service-reviews,422,422,7,True,"{""customer_id"": ""1"", ""period_start"": ""2026-09-01"", ""period_end"": ""2026-09-30"", ""rating"": 5, ""comment"": ""Giao hàng đúng hẹn"", ""unknown_field"": ""abc""}","{""detail"": [{""type"": ""extra_forbidden"", ""loc"": [""body"", ""unknown_field""], ""msg"": ""Extra inputs are not permitted"", ""input"": ""abc""}]}",[]
08. Để null trường bắt buộc [422],POST,/api/v1/crm/service-reviews,422,422,7,True,"{""customer_id"": ""1"", ""period_start"": ""2026-09-01"", ""period_end"": ""2026-09-30"", ""rating"": null, ""comment"": ""Giao hàng đúng hẹn""}","{""detail"": [{""type"": ""int_type"", ""loc"": [""body"", ""rating""], ""msg"": ""Input should be a valid integer"", ""input"": null}]}",[]
09. Bỏ sót trường bắt buộc customer_id [422],POST,/api/v1/crm/service-reviews,422,422,6,True,"{""period_start"": ""2026-09-01"", ""period_end"": ""2026-09-30"", ""rating"": 5, ""comment"": ""Giao hàng đúng hẹn""}","{""detail"": [{""type"": ""missing"", ""loc"": [""body"", ""customer_id""], ""msg"": ""Field required"", ""input"": {""period_start"": ""2026-09-01"", ""period_end"": ""2026-09-30"", ""rating"": 5, ""comment"": ""Giao hàng đúng hẹn""}}]}",[]
10. Nhập ID liên kết không tồn tại [422],POST,/api/v1/crm/service-reviews,422,422,8,True,"{""customer_id"": 9223372036854775806, ""period_start"": ""2026-09-01"", ""period_end"": ""2026-09-30"", ""rating"": 5, ""comment"": ""Giao hàng đúng hẹn""}","{""detail"": ""Khách hàng không tồn tại hoặc đã ngừng hoạt động""}",[]
11. Mở danh sách [200],GET,/api/v1/crm/service-reviews,200,200,10,True,,"{""items"": [{""id"": 1, ""is_active"": true, ""created_at"": ""2026-09-27T16:26:17.445529Z"", ""updated_at"": ""2026-09-27T16:26:17.445532Z"", ""customer_id"": 1, ""period_start"": ""2026-09-01"", ""period_end"": ""2026-09-30"", ""rating"": 5, ""comment"": ""Giao hàng đúng hẹn""}], ""total"": 1, ""offset"": 0, ""limit"": 20}",[]
12. Xem với quyền được cấp [200],GET,/api/v1/crm/service-reviews,200,200,10,True,,"{""items"": [{""id"": 1, ""is_active"": true, ""created_at"": ""2026-09-27T16:26:17.445529Z"", ""updated_at"": ""2026-09-27T16:26:17.445532Z"", ""customer_id"": 1, ""period_start"": ""2026-09-01"", ""period_end"": ""2026-09-30"", ""rating"": 5, ""comment"": ""Giao hàng đúng hẹn""}], ""total"": 1, ""offset"": 0, ""limit"": 20}",[]
13. Mở khi chưa đăng nhập [401],GET,/api/v1/crm/service-reviews,401,401,2,True,,"{""detail"": ""Not authenticated""}",[]
14. Dán token lỗi [401],GET,/api/v1/crm/service-reviews,401,401,3,True,,"{""detail"": ""Token không hợp lệ""}",[]
15. Nhập số trang âm [422],GET,/api/v1/crm/service-reviews,422,422,11,True,,"{""detail"": [{""type"": ""greater_than_equal"", ""loc"": [""query"", ""offset""], ""msg"": ""Input should be greater than or equal to 0"", ""input"": ""-1"", ""ctx"": {""ge"": 0}}]}",[]
16. Nhập kích thước trang bằng 0 [422],GET,/api/v1/crm/service-reviews,422,422,10,True,,"{""detail"": [{""type"": ""greater_than_equal"", ""loc"": [""query"", ""limit""], ""msg"": ""Input should be greater than or equal to 1"", ""input"": ""0"", ""ctx"": {""ge"": 1}}]}",[]
17. Nhập quá 100 dòng [422],GET,/api/v1/crm/service-reviews,422,422,10,True,,"{""detail"": [{""type"": ""less_than_equal"", ""loc"": [""query"", ""limit""], ""msg"": ""Input should be less than or equal to 100"", ""input"": ""101"", ""ctx"": {""le"": 100}}]}",[]
18. Nhập chữ vào số dòng [422],GET,/api/v1/crm/service-reviews,422,422,10,True,,"{""detail"": [{""type"": ""int_parsing"", ""loc"": [""query"", ""limit""], ""msg"": ""Input should be a valid integer, unable to parse string as an integer"", ""input"": ""abc""}]}",[]
19. Tìm tên không có [200],GET,/api/v1/crm/service-reviews,200,200,16,True,,"{""items"": [], ""total"": 0, ""offset"": 0, ""limit"": 20}",[]
20. Xem cả dữ liệu đã ngừng dùng [200],GET,/api/v1/crm/service-reviews,200,200,15,True,,"{""items"": [{""id"": 1, ""is_active"": true, ""created_at"": ""2026-09-27T16:26:17.445529Z"", ""updated_at"": ""2026-09-27T16:26:17.445532Z"", ""customer_id"": 1, ""period_start"": ""2026-09-01"", ""period_end"": ""2026-09-30"", ""rating"": 5, ""comment"": ""Giao hàng đúng hẹn""}], ""total"": 1, ""offset"": 0, ""limit"": 20}",[]
21. Xem chi tiết vừa tạo [200],GET,/api/v1/crm/service-reviews/1,200,200,7,True,,"{""id"": 1, ""is_active"": true, ""created_at"": ""2026-09-27T16:26:17.445529Z"", ""updated_at"": ""2026-09-27T16:26:17.445532Z"", ""customer_id"": 1, ""period_start"": ""2026-09-01"", ""period_end"": ""2026-09-30"", ""rating"": 5, ""comment"": ""Giao hàng đúng hẹn""}",[]
22. Sale/khách xem chi tiết được cấp [200],GET,/api/v1/crm/service-reviews/1,200,200,9,True,,"{""id"": 1, ""is_active"": true, ""created_at"": ""2026-09-27T16:26:17.445529Z"", ""updated_at"": ""2026-09-27T16:26:17.445532Z"", ""customer_id"": 1, ""period_start"": ""2026-09-01"", ""period_end"": ""2026-09-30"", ""rating"": 5, ""comment"": ""Giao hàng đúng hẹn""}",[]
23. Quên token [401],GET,/api/v1/crm/service-reviews/1,401,401,2,True,,"{""detail"": ""Not authenticated""}",[]
24. Token sai [401],GET,/api/v1/crm/service-reviews/1,401,401,2,True,,"{""detail"": ""Token không hợp lệ""}",[]
25. ID không tồn tại [404],GET,/api/v1/crm/service-reviews/9223372036854775806,404,404,8,True,,"{""detail"": ""Không tìm thấy bản ghi CRM""}",[]
26. ID bằng 0 [422],GET,/api/v1/crm/service-reviews/0,422,422,7,True,,"{""detail"": [{""type"": ""greater_than"", ""loc"": [""path"", ""record_id""], ""msg"": ""Input should be greater than 0"", ""input"": ""0"", ""ctx"": {""gt"": 0}}]}",[]
27. ID âm [422],GET,/api/v1/crm/service-reviews/-1,422,422,6,True,,"{""detail"": [{""type"": ""greater_than"", ""loc"": [""path"", ""record_id""], ""msg"": ""Input should be greater than 0"", ""input"": ""-1"", ""ctx"": {""gt"": 0}}]}",[]
28. Gõ chữ vào ID [422],GET,/api/v1/crm/service-reviews/abc,422,422,7,True,,"{""detail"": [{""type"": ""int_parsing"", ""loc"": [""path"", ""record_id""], ""msg"": ""Input should be a valid integer, unable to parse string as an integer"", ""input"": ""abc""}]}",[]
29. Gõ ID thập phân [422],GET,/api/v1/crm/service-reviews/1.5,422,422,6,True,,"{""detail"": [{""type"": ""int_parsing"", ""loc"": [""path"", ""record_id""], ""msg"": ""Input should be a valid integer, unable to parse string as an integer"", ""input"": ""1.5""}]}",[]
30. ID vượt BIGINT [422],GET,/api/v1/crm/service-reviews/9223372036854775808,422,422,7,True,,"{""detail"": [{""type"": ""less_than_equal"", ""loc"": [""path"", ""record_id""], ""msg"": ""Input should be less than or equal to 9223372036854775807"", ""input"": ""9223372036854775808"", ""ctx"": {""le"": 9223372036854775807}}]}",[]
31. Sửa thông tin hợp lệ [200],PATCH,/api/v1/crm/service-reviews/1,200,200,15,True,"{""rating"": 4}","{""id"": 1, ""is_active"": true, ""created_at"": ""2026-09-27T16:26:17.445529Z"", ""updated_at"": ""2026-09-27T16:26:17.976847Z"", ""customer_id"": 1, ""period_start"": ""2026-09-01"", ""period_end"": ""2026-09-30"", ""rating"": 4, ""comment"": ""Giao hàng đúng hẹn""}",[]
32. Sửa khi chưa đăng nhập [401],PATCH,/api/v1/crm/service-reviews/1,401,401,2,True,"{""rating"": 4}","{""detail"": ""Not authenticated""}",[]
33. Sửa với token hỏng [401],PATCH,/api/v1/crm/service-reviews/1,401,401,2,True,"{""rating"": 4}","{""detail"": ""Token không hợp lệ""}",[]
34. Khách hàng sửa dữ liệu quản trị [403],PATCH,/api/v1/crm/service-reviews/1,403,403,9,True,"{""rating"": 4}","{""detail"": ""Bạn không có quyền thực hiện thao tác này""}",[]
35. Sửa ID không tồn tại [404],PATCH,/api/v1/crm/service-reviews/9223372036854775806,404,404,11,True,"{""rating"": 4}","{""detail"": ""Không tìm thấy bản ghi CRM""}",[]
36. Nhập chữ vào ID sửa [422],PATCH,/api/v1/crm/service-reviews/abc,422,422,7,True,"{""rating"": 4}","{""detail"": [{""type"": ""int_parsing"", ""loc"": [""path"", ""record_id""], ""msg"": ""Input should be a valid integer, unable to parse string as an integer"", ""input"": ""abc""}]}",[]
37. Nhập sai giá trị khi sửa [422],PATCH,/api/v1/crm/service-reviews/1,422,422,6,True,"{""rating"": 6}","{""detail"": [{""type"": ""less_than_equal"", ""loc"": [""body"", ""rating""], ""msg"": ""Input should be less than or equal to 5"", ""input"": 6, ""ctx"": {""le"": 5}}]}",[]
38. Xóa trắng trường bắt buộc bằng null [422],PATCH,/api/v1/crm/service-reviews/1,422,422,7,True,"{""rating"": null}","{""detail"": [{""type"": ""value_error"", ""loc"": [""body""], ""msg"": ""Value error, rating không được null"", ""input"": {""rating"": null}, ""ctx"": {""error"": {}}}]}",[]
39. Thêm trường lạ khi sửa [422],PATCH,/api/v1/crm/service-reviews/1,422,422,7,True,"{""extra_field"": true}","{""detail"": [{""type"": ""extra_forbidden"", ""loc"": [""body"", ""extra_field""], ""msg"": ""Extra inputs are not permitted"", ""input"": true}]}",[]
40. Gửi form không thay đổi [200],PATCH,/api/v1/crm/service-reviews/1,200,200,13,True,{},"{""id"": 1, ""is_active"": true, ""created_at"": ""2026-09-27T16:26:17.445529Z"", ""updated_at"": ""2026-09-27T16:26:18.129845Z"", ""customer_id"": 1, ""period_start"": ""2026-09-01"", ""period_end"": ""2026-09-30"", ""rating"": 4, ""comment"": ""Giao hàng đúng hẹn""}",[]
01. Nhập đầy đủ thông tin hợp lệ [201],POST,/api/v1/crm/vip-packages,201,201,10,True,"{""code"": ""VIP_muk165nl"", ""name"": ""Gói ưu tiên"", ""conditions"": ""Đăng ký tại quầy"", ""benefits"": ""Ưu tiên kiểm hàng"", ""duration_days"": 30}","{""id"": 1, ""is_active"": true, ""created_at"": ""2026-09-27T16:26:18.150479Z"", ""updated_at"": ""2026-09-27T16:26:18.150482Z"", ""code"": ""VIP_MUK165NL"", ""name"": ""Gói ưu tiên"", ""conditions"": ""Đăng ký tại quầy"", ""benefits"": ""Ưu tiên kiểm hàng"", ""duration_days"": 30}",[]
02. Quên đăng nhập khi tạo [401],POST,/api/v1/crm/vip-packages,401,401,2,True,"{""code"": ""VIP_muk165nl"", ""name"": ""Gói ưu tiên"", ""conditions"": ""Đăng ký tại quầy"", ""benefits"": ""Ưu tiên kiểm hàng"", ""duration_days"": 30}","{""detail"": ""Not authenticated""}",[]
03. Token bị sửa sai [401],POST,/api/v1/crm/vip-packages,401,401,2,True,"{""code"": ""VIP_muk165nl"", ""name"": ""Gói ưu tiên"", ""conditions"": ""Đăng ký tại quầy"", ""benefits"": ""Ưu tiên kiểm hàng"", ""duration_days"": 30}","{""detail"": ""Token không hợp lệ""}",[]
04. Khách hàng thử tạo dữ liệu quản trị [403],POST,/api/v1/crm/vip-packages,403,403,8,True,"{""code"": ""VIP_muk165nl"", ""name"": ""Gói ưu tiên"", ""conditions"": ""Đăng ký tại quầy"", ""benefits"": ""Ưu tiên kiểm hàng"", ""duration_days"": 30}","{""detail"": ""Bạn không có quyền thực hiện thao tác này""}",[]
05. Bỏ trống toàn bộ form [422],POST,/api/v1/crm/vip-packages,422,422,7,True,{},"{""detail"": [{""type"": ""missing"", ""loc"": [""body"", ""code""], ""msg"": ""Field required"", ""input"": {}}, {""type"": ""missing"", ""loc"": [""body"", ""name""], ""msg"": ""Field required"", ""input"": {}}, {""type"": ""missing"", ""loc"": [""body"", ""conditions""], ""msg"": ""Field required"", ""input"": {}}, {""type"": ""missing"", ""loc"": [""body"", ""benefits""], ""msg"": ""Field required"", ""input"": {}}, {""type"": ""missing"", ""loc"": [""body"", ""duration_days""], ""msg"": ""Field required"", ""input"": {}}]}",[]
06. Nhập sai giá trị hoặc ngày tháng [422],POST,/api/v1/crm/vip-packages,422,422,7,True,"{""code"": ""VIP_muk165nl"", ""name"": ""Gói ưu tiên"", ""conditions"": ""Đăng ký tại quầy"", ""benefits"": ""Ưu tiên kiểm hàng"", ""duration_days"": 0}","{""detail"": [{""type"": ""greater_than_equal"", ""loc"": [""body"", ""duration_days""], ""msg"": ""Input should be greater than or equal to 1"", ""input"": 0, ""ctx"": {""ge"": 1}}]}",[]
07. Gửi trường lạ từ form [422],POST,/api/v1/crm/vip-packages,422,422,8,True,"{""code"": ""VIP_muk165nl"", ""name"": ""Gói ưu tiên"", ""conditions"": ""Đăng ký tại quầy"", ""benefits"": ""Ưu tiên kiểm hàng"", ""duration_days"": 30, ""unknown_field"": ""abc""}","{""detail"": [{""type"": ""extra_forbidden"", ""loc"": [""body"", ""unknown_field""], ""msg"": ""Extra inputs are not permitted"", ""input"": ""abc""}]}",[]
08. Để null trường bắt buộc [422],POST,/api/v1/crm/vip-packages,422,422,6,True,"{""code"": ""VIP_muk165nl"", ""name"": null, ""conditions"": ""Đăng ký tại quầy"", ""benefits"": ""Ưu tiên kiểm hàng"", ""duration_days"": 30}","{""detail"": [{""type"": ""string_type"", ""loc"": [""body"", ""name""], ""msg"": ""Input should be a valid string"", ""input"": null}]}",[]
09. Bỏ sót trường bắt buộc code [422],POST,/api/v1/crm/vip-packages,422,422,7,True,"{""name"": ""Gói ưu tiên"", ""conditions"": ""Đăng ký tại quầy"", ""benefits"": ""Ưu tiên kiểm hàng"", ""duration_days"": 30}","{""detail"": [{""type"": ""missing"", ""loc"": [""body"", ""code""], ""msg"": ""Field required"", ""input"": {""name"": ""Gói ưu tiên"", ""conditions"": ""Đăng ký tại quầy"", ""benefits"": ""Ưu tiên kiểm hàng"", ""duration_days"": 30}}]}",[]
10. Bấm lưu lần nữa gây trùng dữ liệu [409],POST,/api/v1/crm/vip-packages,409,409,9,True,"{""code"": ""VIP_muk165nl"", ""name"": ""Gói ưu tiên"", ""conditions"": ""Đăng ký tại quầy"", ""benefits"": ""Ưu tiên kiểm hàng"", ""duration_days"": 30}","{""detail"": ""Dữ liệu bị trùng hoặc vi phạm ràng buộc""}",[]
11. Mở danh sách [200],GET,/api/v1/crm/vip-packages,200,200,9,True,,"{""items"": [{""id"": 1, ""is_active"": true, ""created_at"": ""2026-09-27T16:26:18.150479Z"", ""updated_at"": ""2026-09-27T16:26:18.150482Z"", ""code"": ""VIP_MUK165NL"", ""name"": ""Gói ưu tiên"", ""conditions"": ""Đăng ký tại quầy"", ""benefits"": ""Ưu tiên kiểm hàng"", ""duration_days"": 30}], ""total"": 1, ""offset"": 0, ""limit"": 20}",[]
12. Xem với quyền được cấp [200],GET,/api/v1/crm/vip-packages,200,200,7,True,,"{""items"": [{""id"": 1, ""is_active"": true, ""created_at"": ""2026-09-27T16:26:18.150479Z"", ""updated_at"": ""2026-09-27T16:26:18.150482Z"", ""code"": ""VIP_MUK165NL"", ""name"": ""Gói ưu tiên"", ""conditions"": ""Đăng ký tại quầy"", ""benefits"": ""Ưu tiên kiểm hàng"", ""duration_days"": 30}], ""total"": 1, ""offset"": 0, ""limit"": 20}",[]
13. Mở khi chưa đăng nhập [401],GET,/api/v1/crm/vip-packages,401,401,1,True,,"{""detail"": ""Not authenticated""}",[]
14. Dán token lỗi [401],GET,/api/v1/crm/vip-packages,401,401,2,True,,"{""detail"": ""Token không hợp lệ""}",[]
15. Nhập số trang âm [422],GET,/api/v1/crm/vip-packages,422,422,6,True,,"{""detail"": [{""type"": ""greater_than_equal"", ""loc"": [""query"", ""offset""], ""msg"": ""Input should be greater than or equal to 0"", ""input"": ""-1"", ""ctx"": {""ge"": 0}}]}",[]
16. Nhập kích thước trang bằng 0 [422],GET,/api/v1/crm/vip-packages,422,422,5,True,,"{""detail"": [{""type"": ""greater_than_equal"", ""loc"": [""query"", ""limit""], ""msg"": ""Input should be greater than or equal to 1"", ""input"": ""0"", ""ctx"": {""ge"": 1}}]}",[]
17. Nhập quá 100 dòng [422],GET,/api/v1/crm/vip-packages,422,422,8,True,,"{""detail"": [{""type"": ""less_than_equal"", ""loc"": [""query"", ""limit""], ""msg"": ""Input should be less than or equal to 100"", ""input"": ""101"", ""ctx"": {""le"": 100}}]}",[]
18. Nhập chữ vào số dòng [422],GET,/api/v1/crm/vip-packages,422,422,6,True,,"{""detail"": [{""type"": ""int_parsing"", ""loc"": [""query"", ""limit""], ""msg"": ""Input should be a valid integer, unable to parse string as an integer"", ""input"": ""abc""}]}",[]
19. Tìm tên không có [200],GET,/api/v1/crm/vip-packages,200,200,8,True,,"{""items"": [], ""total"": 0, ""offset"": 0, ""limit"": 20}",[]
20. Xem cả dữ liệu đã ngừng dùng [200],GET,/api/v1/crm/vip-packages,200,200,9,True,,"{""items"": [{""id"": 1, ""is_active"": true, ""created_at"": ""2026-09-27T16:26:18.150479Z"", ""updated_at"": ""2026-09-27T16:26:18.150482Z"", ""code"": ""VIP_MUK165NL"", ""name"": ""Gói ưu tiên"", ""conditions"": ""Đăng ký tại quầy"", ""benefits"": ""Ưu tiên kiểm hàng"", ""duration_days"": 30}], ""total"": 1, ""offset"": 0, ""limit"": 20}",[]
21. Xem chi tiết vừa tạo [200],GET,/api/v1/crm/vip-packages/1,200,200,6,True,,"{""id"": 1, ""is_active"": true, ""created_at"": ""2026-09-27T16:26:18.150479Z"", ""updated_at"": ""2026-09-27T16:26:18.150482Z"", ""code"": ""VIP_MUK165NL"", ""name"": ""Gói ưu tiên"", ""conditions"": ""Đăng ký tại quầy"", ""benefits"": ""Ưu tiên kiểm hàng"", ""duration_days"": 30}",[]
22. Sale/khách xem chi tiết được cấp [200],GET,/api/v1/crm/vip-packages/1,200,200,7,True,,"{""id"": 1, ""is_active"": true, ""created_at"": ""2026-09-27T16:26:18.150479Z"", ""updated_at"": ""2026-09-27T16:26:18.150482Z"", ""code"": ""VIP_MUK165NL"", ""name"": ""Gói ưu tiên"", ""conditions"": ""Đăng ký tại quầy"", ""benefits"": ""Ưu tiên kiểm hàng"", ""duration_days"": 30}",[]
23. Quên token [401],GET,/api/v1/crm/vip-packages/1,401,401,1,True,,"{""detail"": ""Not authenticated""}",[]
24. Token sai [401],GET,/api/v1/crm/vip-packages/1,401,401,2,True,,"{""detail"": ""Token không hợp lệ""}",[]
25. ID không tồn tại [404],GET,/api/v1/crm/vip-packages/9223372036854775806,404,404,8,True,,"{""detail"": ""Không tìm thấy bản ghi CRM""}",[]
26. ID bằng 0 [422],GET,/api/v1/crm/vip-packages/0,422,422,5,True,,"{""detail"": [{""type"": ""greater_than"", ""loc"": [""path"", ""record_id""], ""msg"": ""Input should be greater than 0"", ""input"": ""0"", ""ctx"": {""gt"": 0}}]}",[]
27. ID âm [422],GET,/api/v1/crm/vip-packages/-1,422,422,5,True,,"{""detail"": [{""type"": ""greater_than"", ""loc"": [""path"", ""record_id""], ""msg"": ""Input should be greater than 0"", ""input"": ""-1"", ""ctx"": {""gt"": 0}}]}",[]
28. Gõ chữ vào ID [422],GET,/api/v1/crm/vip-packages/abc,422,422,6,True,,"{""detail"": [{""type"": ""int_parsing"", ""loc"": [""path"", ""record_id""], ""msg"": ""Input should be a valid integer, unable to parse string as an integer"", ""input"": ""abc""}]}",[]
29. Gõ ID thập phân [422],GET,/api/v1/crm/vip-packages/1.5,422,422,6,True,,"{""detail"": [{""type"": ""int_parsing"", ""loc"": [""path"", ""record_id""], ""msg"": ""Input should be a valid integer, unable to parse string as an integer"", ""input"": ""1.5""}]}",[]
30. ID vượt BIGINT [422],GET,/api/v1/crm/vip-packages/9223372036854775808,422,422,7,True,,"{""detail"": [{""type"": ""less_than_equal"", ""loc"": [""path"", ""record_id""], ""msg"": ""Input should be less than or equal to 9223372036854775807"", ""input"": ""9223372036854775808"", ""ctx"": {""le"": 9223372036854775807}}]}",[]
31. Sửa thông tin hợp lệ [200],PATCH,/api/v1/crm/vip-packages/1,200,200,13,True,"{""benefits"": ""Ưu tiên kiểm hàng và hỗ trợ""}","{""id"": 1, ""is_active"": true, ""created_at"": ""2026-09-27T16:26:18.150479Z"", ""updated_at"": ""2026-09-27T16:26:18.618631Z"", ""code"": ""VIP_MUK165NL"", ""name"": ""Gói ưu tiên"", ""conditions"": ""Đăng ký tại quầy"", ""benefits"": ""Ưu tiên kiểm hàng và hỗ trợ"", ""duration_days"": 30}",[]
32. Sửa khi chưa đăng nhập [401],PATCH,/api/v1/crm/vip-packages/1,401,401,2,True,"{""benefits"": ""Ưu tiên kiểm hàng và hỗ trợ""}","{""detail"": ""Not authenticated""}",[]
33. Sửa với token hỏng [401],PATCH,/api/v1/crm/vip-packages/1,401,401,1,True,"{""benefits"": ""Ưu tiên kiểm hàng và hỗ trợ""}","{""detail"": ""Token không hợp lệ""}",[]
34. Khách hàng sửa dữ liệu quản trị [403],PATCH,/api/v1/crm/vip-packages/1,403,403,5,True,"{""benefits"": ""Ưu tiên kiểm hàng và hỗ trợ""}","{""detail"": ""Bạn không có quyền thực hiện thao tác này""}",[]
35. Sửa ID không tồn tại [404],PATCH,/api/v1/crm/vip-packages/9223372036854775806,404,404,7,True,"{""benefits"": ""Ưu tiên kiểm hàng và hỗ trợ""}","{""detail"": ""Không tìm thấy bản ghi CRM""}",[]
36. Nhập chữ vào ID sửa [422],PATCH,/api/v1/crm/vip-packages/abc,422,422,5,True,"{""benefits"": ""Ưu tiên kiểm hàng và hỗ trợ""}","{""detail"": [{""type"": ""int_parsing"", ""loc"": [""path"", ""record_id""], ""msg"": ""Input should be a valid integer, unable to parse string as an integer"", ""input"": ""abc""}]}",[]
37. Nhập sai giá trị khi sửa [422],PATCH,/api/v1/crm/vip-packages/1,422,422,7,True,"{""duration_days"": 0}","{""detail"": [{""type"": ""greater_than_equal"", ""loc"": [""body"", ""duration_days""], ""msg"": ""Input should be greater than or equal to 1"", ""input"": 0, ""ctx"": {""ge"": 1}}]}",[]
38. Xóa trắng trường bắt buộc bằng null [422],PATCH,/api/v1/crm/vip-packages/1,422,422,58,True,"{""name"": null}","{""detail"": [{""type"": ""value_error"", ""loc"": [""body""], ""msg"": ""Value error, name không được null"", ""input"": {""name"": null}, ""ctx"": {""error"": {}}}]}",[]
39. Thêm trường lạ khi sửa [422],PATCH,/api/v1/crm/vip-packages/1,422,422,6,True,"{""extra_field"": true}","{""detail"": [{""type"": ""extra_forbidden"", ""loc"": [""body"", ""extra_field""], ""msg"": ""Extra inputs are not permitted"", ""input"": true}]}",[]
40. Gửi form không thay đổi [200],PATCH,/api/v1/crm/vip-packages/1,200,200,12,True,{},"{""id"": 1, ""is_active"": true, ""created_at"": ""2026-09-27T16:26:18.150479Z"", ""updated_at"": ""2026-09-27T16:26:18.809461Z"", ""code"": ""VIP_MUK165NL"", ""name"": ""Gói ưu tiên"", ""conditions"": ""Đăng ký tại quầy"", ""benefits"": ""Ưu tiên kiểm hàng và hỗ trợ"", ""duration_days"": 30}",[]
01. Nhập đầy đủ thông tin hợp lệ [201],POST,/api/v1/crm/vip-memberships,201,201,14,True,"{""customer_id"": ""1"", ""package_id"": ""1"", ""valid_from"": ""2026-10-01"", ""valid_until"": ""2026-10-30""}","{""id"": 1, ""is_active"": true, ""created_at"": ""2026-09-27T16:26:18.834383Z"", ""updated_at"": ""2026-09-27T16:26:18.834387Z"", ""customer_id"": 1, ""package_id"": 1, ""valid_from"": ""2026-10-01"", ""valid_until"": ""2026-10-30"", ""note"": null}",[]
02. Quên đăng nhập khi tạo [401],POST,/api/v1/crm/vip-memberships,401,401,1,True,"{""customer_id"": ""1"", ""package_id"": ""1"", ""valid_from"": ""2026-10-01"", ""valid_until"": ""2026-10-30""}","{""detail"": ""Not authenticated""}",[]
03. Token bị sửa sai [401],POST,/api/v1/crm/vip-memberships,401,401,2,True,"{""customer_id"": ""1"", ""package_id"": ""1"", ""valid_from"": ""2026-10-01"", ""valid_until"": ""2026-10-30""}","{""detail"": ""Token không hợp lệ""}",[]
04. Khách hàng thử tạo dữ liệu quản trị [403],POST,/api/v1/crm/vip-memberships,403,403,6,True,"{""customer_id"": ""1"", ""package_id"": ""1"", ""valid_from"": ""2026-10-01"", ""valid_until"": ""2026-10-30""}","{""detail"": ""Bạn không có quyền thực hiện thao tác này""}",[]
05. Bỏ trống toàn bộ form [422],POST,/api/v1/crm/vip-memberships,422,422,5,True,{},"{""detail"": [{""type"": ""missing"", ""loc"": [""body"", ""customer_id""], ""msg"": ""Field required"", ""input"": {}}, {""type"": ""missing"", ""loc"": [""body"", ""package_id""], ""msg"": ""Field required"", ""input"": {}}, {""type"": ""missing"", ""loc"": [""body"", ""valid_from""], ""msg"": ""Field required"", ""input"": {}}, {""type"": ""missing"", ""loc"": [""body"", ""valid_until""], ""msg"": ""Field required"", ""input"": {}}]}",[]
06. Nhập sai giá trị hoặc ngày tháng [422],POST,/api/v1/crm/vip-memberships,422,422,9,True,"{""customer_id"": ""1"", ""package_id"": ""1"", ""valid_from"": ""2026-10-01"", ""valid_until"": ""2026-09-30""}","{""detail"": ""Thời hạn đăng ký vượt thời hạn gói VIP hoặc không hợp lệ""}",[]
07. Gửi trường lạ từ form [422],POST,/api/v1/crm/vip-memberships,422,422,6,True,"{""customer_id"": ""1"", ""package_id"": ""1"", ""valid_from"": ""2026-10-01"", ""valid_until"": ""2026-10-30"", ""unknown_field"": ""abc""}","{""detail"": [{""type"": ""extra_forbidden"", ""loc"": [""body"", ""unknown_field""], ""msg"": ""Extra inputs are not permitted"", ""input"": ""abc""}]}",[]
08. Để null trường bắt buộc [422],POST,/api/v1/crm/vip-memberships,422,422,6,True,"{""customer_id"": ""1"", ""package_id"": ""1"", ""valid_from"": ""2026-10-01"", ""valid_until"": null}","{""detail"": [{""type"": ""date_type"", ""loc"": [""body"", ""valid_until""], ""msg"": ""Input should be a valid date"", ""input"": null}]}",[]
09. Bỏ sót trường bắt buộc customer_id [422],POST,/api/v1/crm/vip-memberships,422,422,6,True,"{""package_id"": ""1"", ""valid_from"": ""2026-10-01"", ""valid_until"": ""2026-10-30""}","{""detail"": [{""type"": ""missing"", ""loc"": [""body"", ""customer_id""], ""msg"": ""Field required"", ""input"": {""package_id"": ""1"", ""valid_from"": ""2026-10-01"", ""valid_until"": ""2026-10-30""}}]}",[]
10. Đăng ký hai gói trùng thời hạn [422],POST,/api/v1/crm/vip-memberships,422,422,10,True,"{""customer_id"": ""1"", ""package_id"": ""1"", ""valid_from"": ""2026-10-01"", ""valid_until"": ""2026-10-30""}","{""detail"": ""Khách hàng đã có gói VIP trong khoảng thời gian này""}",[]
11. Mở danh sách [200],GET,/api/v1/crm/vip-memberships,200,200,8,True,,"{""items"": [{""id"": 1, ""is_active"": true, ""created_at"": ""2026-09-27T16:26:18.834383Z"", ""updated_at"": ""2026-09-27T16:26:18.834387Z"", ""customer_id"": 1, ""package_id"": 1, ""valid_from"": ""2026-10-01"", ""valid_until"": ""2026-10-30"", ""note"": null}], ""total"": 1, ""offset"": 0, ""limit"": 20}",[]
12. Xem với quyền được cấp [200],GET,/api/v1/crm/vip-memberships,200,200,16,True,,"{""items"": [{""id"": 1, ""is_active"": true, ""created_at"": ""2026-09-27T16:26:18.834383Z"", ""updated_at"": ""2026-09-27T16:26:18.834387Z"", ""customer_id"": 1, ""package_id"": 1, ""valid_from"": ""2026-10-01"", ""valid_until"": ""2026-10-30"", ""note"": null}], ""total"": 1, ""offset"": 0, ""limit"": 20}",[]
13. Mở khi chưa đăng nhập [401],GET,/api/v1/crm/vip-memberships,401,401,2,True,,"{""detail"": ""Not authenticated""}",[]
14. Dán token lỗi [401],GET,/api/v1/crm/vip-memberships,401,401,2,True,,"{""detail"": ""Token không hợp lệ""}",[]
15. Nhập số trang âm [422],GET,/api/v1/crm/vip-memberships,422,422,8,True,,"{""detail"": [{""type"": ""greater_than_equal"", ""loc"": [""query"", ""offset""], ""msg"": ""Input should be greater than or equal to 0"", ""input"": ""-1"", ""ctx"": {""ge"": 0}}]}",[]
16. Nhập kích thước trang bằng 0 [422],GET,/api/v1/crm/vip-memberships,422,422,7,True,,"{""detail"": [{""type"": ""greater_than_equal"", ""loc"": [""query"", ""limit""], ""msg"": ""Input should be greater than or equal to 1"", ""input"": ""0"", ""ctx"": {""ge"": 1}}]}",[]
17. Nhập quá 100 dòng [422],GET,/api/v1/crm/vip-memberships,422,422,6,True,,"{""detail"": [{""type"": ""less_than_equal"", ""loc"": [""query"", ""limit""], ""msg"": ""Input should be less than or equal to 100"", ""input"": ""101"", ""ctx"": {""le"": 100}}]}",[]
18. Nhập chữ vào số dòng [422],GET,/api/v1/crm/vip-memberships,422,422,7,True,,"{""detail"": [{""type"": ""int_parsing"", ""loc"": [""query"", ""limit""], ""msg"": ""Input should be a valid integer, unable to parse string as an integer"", ""input"": ""abc""}]}",[]
19. Tìm tên không có [200],GET,/api/v1/crm/vip-memberships,200,200,8,True,,"{""items"": [], ""total"": 0, ""offset"": 0, ""limit"": 20}",[]
20. Xem cả dữ liệu đã ngừng dùng [200],GET,/api/v1/crm/vip-memberships,200,200,8,True,,"{""items"": [{""id"": 1, ""is_active"": true, ""created_at"": ""2026-09-27T16:26:18.834383Z"", ""updated_at"": ""2026-09-27T16:26:18.834387Z"", ""customer_id"": 1, ""package_id"": 1, ""valid_from"": ""2026-10-01"", ""valid_until"": ""2026-10-30"", ""note"": null}], ""total"": 1, ""offset"": 0, ""limit"": 20}",[]
21. Xem chi tiết vừa tạo [200],GET,/api/v1/crm/vip-memberships/1,200,200,8,True,,"{""id"": 1, ""is_active"": true, ""created_at"": ""2026-09-27T16:26:18.834383Z"", ""updated_at"": ""2026-09-27T16:26:18.834387Z"", ""customer_id"": 1, ""package_id"": 1, ""valid_from"": ""2026-10-01"", ""valid_until"": ""2026-10-30"", ""note"": null}",[]
22. Sale/khách xem chi tiết được cấp [200],GET,/api/v1/crm/vip-memberships/1,200,200,20,True,,"{""id"": 1, ""is_active"": true, ""created_at"": ""2026-09-27T16:26:18.834383Z"", ""updated_at"": ""2026-09-27T16:26:18.834387Z"", ""customer_id"": 1, ""package_id"": 1, ""valid_from"": ""2026-10-01"", ""valid_until"": ""2026-10-30"", ""note"": null}",[]
23. Quên token [401],GET,/api/v1/crm/vip-memberships/1,401,401,1,True,,"{""detail"": ""Not authenticated""}",[]
24. Token sai [401],GET,/api/v1/crm/vip-memberships/1,401,401,2,True,,"{""detail"": ""Token không hợp lệ""}",[]
25. ID không tồn tại [404],GET,/api/v1/crm/vip-memberships/9223372036854775806,404,404,6,True,,"{""detail"": ""Không tìm thấy bản ghi CRM""}",[]
26. ID bằng 0 [422],GET,/api/v1/crm/vip-memberships/0,422,422,5,True,,"{""detail"": [{""type"": ""greater_than"", ""loc"": [""path"", ""record_id""], ""msg"": ""Input should be greater than 0"", ""input"": ""0"", ""ctx"": {""gt"": 0}}]}",[]
27. ID âm [422],GET,/api/v1/crm/vip-memberships/-1,422,422,4,True,,"{""detail"": [{""type"": ""greater_than"", ""loc"": [""path"", ""record_id""], ""msg"": ""Input should be greater than 0"", ""input"": ""-1"", ""ctx"": {""gt"": 0}}]}",[]
28. Gõ chữ vào ID [422],GET,/api/v1/crm/vip-memberships/abc,422,422,4,True,,"{""detail"": [{""type"": ""int_parsing"", ""loc"": [""path"", ""record_id""], ""msg"": ""Input should be a valid integer, unable to parse string as an integer"", ""input"": ""abc""}]}",[]
29. Gõ ID thập phân [422],GET,/api/v1/crm/vip-memberships/1.5,422,422,6,True,,"{""detail"": [{""type"": ""int_parsing"", ""loc"": [""path"", ""record_id""], ""msg"": ""Input should be a valid integer, unable to parse string as an integer"", ""input"": ""1.5""}]}",[]
30. ID vượt BIGINT [422],GET,/api/v1/crm/vip-memberships/9223372036854775808,422,422,6,True,,"{""detail"": [{""type"": ""less_than_equal"", ""loc"": [""path"", ""record_id""], ""msg"": ""Input should be less than or equal to 9223372036854775807"", ""input"": ""9223372036854775808"", ""ctx"": {""le"": 9223372036854775807}}]}",[]
31. Sửa thông tin hợp lệ [200],PATCH,/api/v1/crm/vip-memberships/1,200,200,18,True,"{""note"": ""Đã xác nhận đăng ký""}","{""id"": 1, ""is_active"": true, ""created_at"": ""2026-09-27T16:26:18.834383Z"", ""updated_at"": ""2026-09-27T16:26:19.336688Z"", ""customer_id"": 1, ""package_id"": 1, ""valid_from"": ""2026-10-01"", ""valid_until"": ""2026-10-30"", ""note"": ""Đã xác nhận đăng ký""}",[]
32. Sửa khi chưa đăng nhập [401],PATCH,/api/v1/crm/vip-memberships/1,401,401,2,True,"{""note"": ""Đã xác nhận đăng ký""}","{""detail"": ""Not authenticated""}",[]
33. Sửa với token hỏng [401],PATCH,/api/v1/crm/vip-memberships/1,401,401,2,True,"{""note"": ""Đã xác nhận đăng ký""}","{""detail"": ""Token không hợp lệ""}",[]
34. Khách hàng sửa dữ liệu quản trị [403],PATCH,/api/v1/crm/vip-memberships/1,403,403,5,True,"{""note"": ""Đã xác nhận đăng ký""}","{""detail"": ""Bạn không có quyền thực hiện thao tác này""}",[]
35. Sửa ID không tồn tại [404],PATCH,/api/v1/crm/vip-memberships/9223372036854775806,404,404,7,True,"{""note"": ""Đã xác nhận đăng ký""}","{""detail"": ""Không tìm thấy bản ghi CRM""}",[]
36. Nhập chữ vào ID sửa [422],PATCH,/api/v1/crm/vip-memberships/abc,422,422,7,True,"{""note"": ""Đã xác nhận đăng ký""}","{""detail"": [{""type"": ""int_parsing"", ""loc"": [""path"", ""record_id""], ""msg"": ""Input should be a valid integer, unable to parse string as an integer"", ""input"": ""abc""}]}",[]
37. Nhập sai giá trị khi sửa [422],PATCH,/api/v1/crm/vip-memberships/1,422,422,9,True,"{""valid_until"": ""2026-09-30""}","{""detail"": ""Thời hạn đăng ký vượt thời hạn gói VIP hoặc không hợp lệ""}",[]
38. Xóa trắng trường bắt buộc bằng null [422],PATCH,/api/v1/crm/vip-memberships/1,422,422,6,True,"{""valid_until"": null}","{""detail"": [{""type"": ""value_error"", ""loc"": [""body""], ""msg"": ""Value error, valid_until không được null"", ""input"": {""valid_until"": null}, ""ctx"": {""error"": {}}}]}",[]
39. Thêm trường lạ khi sửa [422],PATCH,/api/v1/crm/vip-memberships/1,422,422,7,True,"{""extra_field"": true}","{""detail"": [{""type"": ""extra_forbidden"", ""loc"": [""body"", ""extra_field""], ""msg"": ""Extra inputs are not permitted"", ""input"": true}]}",[]
40. Gửi form không thay đổi [200],PATCH,/api/v1/crm/vip-memberships/1,200,200,39,True,{},"{""id"": 1, ""is_active"": true, ""created_at"": ""2026-09-27T16:26:18.834383Z"", ""updated_at"": ""2026-09-27T16:26:19.485530Z"", ""customer_id"": 1, ""package_id"": 1, ""valid_from"": ""2026-10-01"", ""valid_until"": ""2026-10-30"", ""note"": ""Đã xác nhận đăng ký""}",[]
01. Tạo CSKH bỏ qua bước NEW [422],POST,/api/v1/crm/care-tasks,422,422,4,True,"{""customer_id"": ""1"", ""title"": ""Chưa liên hệ"", ""due_on"": ""2026-10-01"", ""status"": ""COMPLETED""}","{""detail"": ""Quy trình CSKH phải bắt đầu ở bước NEW""}",[]
02. Nhảy thẳng từ CONTACTED về NEW [422],PATCH,/api/v1/crm/care-tasks/1,422,422,7,True,"{""status"": ""NEW""}","{""detail"": ""Bước CSKH không hợp lệ""}",[]
03. Sale tự đổi người phụ trách [403],PATCH,/api/v1/crm/customers/1,403,403,7,True,"{""sale_id"": null}","{""detail"": ""Chỉ Admin được thực hiện thao tác này""}",[]
04. Sale tự nâng hạn mức [403],PATCH,/api/v1/crm/customers/1,403,403,7,True,"{""credit_limit"": ""999999999""}","{""detail"": ""Chỉ Admin được thực hiện thao tác này""}",[]
05. Ngày tra cứu vận đơn đảo ngược [422],GET,/api/v1/crm/trackings,422,422,7,True,,"{""detail"": ""Khoảng thời gian không hợp lệ""}",[]
06. Tra cứu vận đơn theo khách Sale và ngày [200],GET,/api/v1/crm/trackings,200,200,9,True,,"{""items"": [{""id"": 1, ""is_active"": true, ""created_at"": ""2026-09-27T16:26:15.295280Z"", ""updated_at"": ""2026-09-27T16:26:15.968206Z"", ""customer_id"": 1, ""tracking_code"": ""VD_MUK165NL"", ""shipped_on"": ""2026-09-27"", ""note"": ""Đã gọi xác nhận""}], ""total"": 1, ""offset"": 0, ""limit"": 20}",[]
07. Đánh giá với ngày kết thúc trước ngày đầu [422],PATCH,/api/v1/crm/service-reviews/1,422,422,7,True,"{""period_end"": ""2026-08-01""}","{""detail"": ""Ngày kết thúc phải từ ngày bắt đầu trở đi""}",[]
08. Kế hoạch quý không bắt đầu đầu quý [422],PATCH,/api/v1/crm/sales-plans/1,422,422,8,True,"{""period_type"": ""QUARTER"", ""period_start"": ""2030-02-01""}","{""detail"": ""Kỳ phải bắt đầu vào ngày đầu tháng/quý""}",[]
09. Gia hạn VIP quá thời hạn gói [422],PATCH,/api/v1/crm/vip-memberships/1,422,422,8,True,"{""valid_until"": ""2026-12-31""}","{""detail"": ""Thời hạn đăng ký vượt thời hạn gói VIP hoặc không hợp lệ""}",[]
01. Xóa khi chưa đăng nhập [401],DELETE,/api/v1/crm/vip-memberships/1,401,401,1,True,,"{""detail"": ""Not authenticated""}",[]
02. Xóa với token giả [401],DELETE,/api/v1/crm/vip-memberships/1,401,401,2,True,,"{""detail"": ""Token không hợp lệ""}",[]
03. Khách thử xóa [403],DELETE,/api/v1/crm/vip-memberships/1,403,403,5,True,,"{""detail"": ""Bạn không có quyền thực hiện thao tác này""}",[]
04. Xóa ID không tồn tại [404],DELETE,/api/v1/crm/vip-memberships/9223372036854775806,404,404,6,True,,"{""detail"": ""Không tìm thấy bản ghi CRM""}",[]
05. Xóa ID bằng 0 [422],DELETE,/api/v1/crm/vip-memberships/0,422,422,8,True,,"{""detail"": [{""type"": ""greater_than"", ""loc"": [""path"", ""record_id""], ""msg"": ""Input should be greater than 0"", ""input"": ""0"", ""ctx"": {""gt"": 0}}]}",[]
06. Xóa ID âm [422],DELETE,/api/v1/crm/vip-memberships/-1,422,422,6,True,,"{""detail"": [{""type"": ""greater_than"", ""loc"": [""path"", ""record_id""], ""msg"": ""Input should be greater than 0"", ""input"": ""-1"", ""ctx"": {""gt"": 0}}]}",[]
07. Xóa ID dạng chữ [422],DELETE,/api/v1/crm/vip-memberships/abc,422,422,10,True,,"{""detail"": [{""type"": ""int_parsing"", ""loc"": [""path"", ""record_id""], ""msg"": ""Input should be a valid integer, unable to parse string as an integer"", ""input"": ""abc""}]}",[]
08. Xóa ID vượt giới hạn [422],DELETE,/api/v1/crm/vip-memberships/9223372036854775808,422,422,7,True,,"{""detail"": [{""type"": ""less_than_equal"", ""loc"": [""path"", ""record_id""], ""msg"": ""Input should be less than or equal to 9223372036854775807"", ""input"": ""9223372036854775808"", ""ctx"": {""le"": 9223372036854775807}}]}",[]
09. Ngừng sử dụng bản ghi [204],DELETE,/api/v1/crm/vip-memberships/1,204,204,21,True,,,[]
10. Bấm xóa lần nữa [204],DELETE,/api/v1/crm/vip-memberships/1,204,204,16,True,,,[]
11. Kiểm tra xóa mềm vẫn giữ dữ liệu [200],GET,/api/v1/crm/vip-memberships/1,200,200,8,True,,"{""id"": 1, ""is_active"": false, ""created_at"": ""2026-09-27T16:26:18.834383Z"", ""updated_at"": ""2026-09-27T16:26:19.840330Z"", ""customer_id"": 1, ""package_id"": 1, ""valid_from"": ""2026-10-01"", ""valid_until"": ""2026-10-30"", ""note"": ""Đã xác nhận đăng ký""}",[]
01. Xóa khi chưa đăng nhập [401],DELETE,/api/v1/crm/vip-packages/1,401,401,3,True,,"{""detail"": ""Not authenticated""}",[]
02. Xóa với token giả [401],DELETE,/api/v1/crm/vip-packages/1,401,401,2,True,,"{""detail"": ""Token không hợp lệ""}",[]
03. Khách thử xóa [403],DELETE,/api/v1/crm/vip-packages/1,403,403,5,True,,"{""detail"": ""Bạn không có quyền thực hiện thao tác này""}",[]
04. Xóa ID không tồn tại [404],DELETE,/api/v1/crm/vip-packages/9223372036854775806,404,404,7,True,,"{""detail"": ""Không tìm thấy bản ghi CRM""}",[]
05. Xóa ID bằng 0 [422],DELETE,/api/v1/crm/vip-packages/0,422,422,5,True,,"{""detail"": [{""type"": ""greater_than"", ""loc"": [""path"", ""record_id""], ""msg"": ""Input should be greater than 0"", ""input"": ""0"", ""ctx"": {""gt"": 0}}]}",[]
06. Xóa ID âm [422],DELETE,/api/v1/crm/vip-packages/-1,422,422,5,True,,"{""detail"": [{""type"": ""greater_than"", ""loc"": [""path"", ""record_id""], ""msg"": ""Input should be greater than 0"", ""input"": ""-1"", ""ctx"": {""gt"": 0}}]}",[]
07. Xóa ID dạng chữ [422],DELETE,/api/v1/crm/vip-packages/abc,422,422,7,True,,"{""detail"": [{""type"": ""int_parsing"", ""loc"": [""path"", ""record_id""], ""msg"": ""Input should be a valid integer, unable to parse string as an integer"", ""input"": ""abc""}]}",[]
08. Xóa ID vượt giới hạn [422],DELETE,/api/v1/crm/vip-packages/9223372036854775808,422,422,10,True,,"{""detail"": [{""type"": ""less_than_equal"", ""loc"": [""path"", ""record_id""], ""msg"": ""Input should be less than or equal to 9223372036854775807"", ""input"": ""9223372036854775808"", ""ctx"": {""le"": 9223372036854775807}}]}",[]
09. Ngừng sử dụng bản ghi [204],DELETE,/api/v1/crm/vip-packages/1,204,204,12,True,,,[]
10. Bấm xóa lần nữa [204],DELETE,/api/v1/crm/vip-packages/1,204,204,11,True,,,[]
11. Kiểm tra xóa mềm vẫn giữ dữ liệu [200],GET,/api/v1/crm/vip-packages/1,200,200,5,True,,"{""id"": 1, ""is_active"": false, ""created_at"": ""2026-09-27T16:26:18.150479Z"", ""updated_at"": ""2026-09-27T16:26:20.023268Z"", ""code"": ""VIP_MUK165NL"", ""name"": ""Gói ưu tiên"", ""conditions"": ""Đăng ký tại quầy"", ""benefits"": ""Ưu tiên kiểm hàng và hỗ trợ"", ""duration_days"": 30}",[]
01. Xóa khi chưa đăng nhập [401],DELETE,/api/v1/crm/service-reviews/1,401,401,2,True,,"{""detail"": ""Not authenticated""}",[]
02. Xóa với token giả [401],DELETE,/api/v1/crm/service-reviews/1,401,401,2,True,,"{""detail"": ""Token không hợp lệ""}",[]
03. Khách thử xóa [403],DELETE,/api/v1/crm/service-reviews/1,403,403,6,True,,"{""detail"": ""Bạn không có quyền thực hiện thao tác này""}",[]
04. Xóa ID không tồn tại [404],DELETE,/api/v1/crm/service-reviews/9223372036854775806,404,404,8,True,,"{""detail"": ""Không tìm thấy bản ghi CRM""}",[]
05. Xóa ID bằng 0 [422],DELETE,/api/v1/crm/service-reviews/0,422,422,33,True,,"{""detail"": [{""type"": ""greater_than"", ""loc"": [""path"", ""record_id""], ""msg"": ""Input should be greater than 0"", ""input"": ""0"", ""ctx"": {""gt"": 0}}]}",[]
06. Xóa ID âm [422],DELETE,/api/v1/crm/service-reviews/-1,422,422,4,True,,"{""detail"": [{""type"": ""greater_than"", ""loc"": [""path"", ""record_id""], ""msg"": ""Input should be greater than 0"", ""input"": ""-1"", ""ctx"": {""gt"": 0}}]}",[]
07. Xóa ID dạng chữ [422],DELETE,/api/v1/crm/service-reviews/abc,422,422,4,True,,"{""detail"": [{""type"": ""int_parsing"", ""loc"": [""path"", ""record_id""], ""msg"": ""Input should be a valid integer, unable to parse string as an integer"", ""input"": ""abc""}]}",[]
08. Xóa ID vượt giới hạn [422],DELETE,/api/v1/crm/service-reviews/9223372036854775808,422,422,4,True,,"{""detail"": [{""type"": ""less_than_equal"", ""loc"": [""path"", ""record_id""], ""msg"": ""Input should be less than or equal to 9223372036854775807"", ""input"": ""9223372036854775808"", ""ctx"": {""le"": 9223372036854775807}}]}",[]
09. Ngừng sử dụng bản ghi [204],DELETE,/api/v1/crm/service-reviews/1,204,204,15,True,,,[]
10. Bấm xóa lần nữa [204],DELETE,/api/v1/crm/service-reviews/1,204,204,12,True,,,[]
11. Kiểm tra xóa mềm vẫn giữ dữ liệu [200],GET,/api/v1/crm/service-reviews/1,200,200,6,True,,"{""id"": 1, ""is_active"": false, ""created_at"": ""2026-09-27T16:26:17.445529Z"", ""updated_at"": ""2026-09-27T16:26:20.228057Z"", ""customer_id"": 1, ""period_start"": ""2026-09-01"", ""period_end"": ""2026-09-30"", ""rating"": 4, ""comment"": ""Giao hàng đúng hẹn""}",[]
01. Xóa khi chưa đăng nhập [401],DELETE,/api/v1/crm/sales-plans/1,401,401,1,True,,"{""detail"": ""Not authenticated""}",[]
02. Xóa với token giả [401],DELETE,/api/v1/crm/sales-plans/1,401,401,2,True,,"{""detail"": ""Token không hợp lệ""}",[]
03. Khách thử xóa [403],DELETE,/api/v1/crm/sales-plans/1,403,403,5,True,,"{""detail"": ""Bạn không có quyền thực hiện thao tác này""}",[]
04. Xóa ID không tồn tại [404],DELETE,/api/v1/crm/sales-plans/9223372036854775806,404,404,6,True,,"{""detail"": ""Không tìm thấy bản ghi CRM""}",[]
05. Xóa ID bằng 0 [422],DELETE,/api/v1/crm/sales-plans/0,422,422,6,True,,"{""detail"": [{""type"": ""greater_than"", ""loc"": [""path"", ""record_id""], ""msg"": ""Input should be greater than 0"", ""input"": ""0"", ""ctx"": {""gt"": 0}}]}",[]
06. Xóa ID âm [422],DELETE,/api/v1/crm/sales-plans/-1,422,422,6,True,,"{""detail"": [{""type"": ""greater_than"", ""loc"": [""path"", ""record_id""], ""msg"": ""Input should be greater than 0"", ""input"": ""-1"", ""ctx"": {""gt"": 0}}]}",[]
07. Xóa ID dạng chữ [422],DELETE,/api/v1/crm/sales-plans/abc,422,422,6,True,,"{""detail"": [{""type"": ""int_parsing"", ""loc"": [""path"", ""record_id""], ""msg"": ""Input should be a valid integer, unable to parse string as an integer"", ""input"": ""abc""}]}",[]
08. Xóa ID vượt giới hạn [422],DELETE,/api/v1/crm/sales-plans/9223372036854775808,422,422,6,True,,"{""detail"": [{""type"": ""less_than_equal"", ""loc"": [""path"", ""record_id""], ""msg"": ""Input should be less than or equal to 9223372036854775807"", ""input"": ""9223372036854775808"", ""ctx"": {""le"": 9223372036854775807}}]}",[]
09. Ngừng sử dụng bản ghi [204],DELETE,/api/v1/crm/sales-plans/1,204,204,15,True,,,[]
10. Bấm xóa lần nữa [204],DELETE,/api/v1/crm/sales-plans/1,204,204,14,True,,,[]
11. Kiểm tra xóa mềm vẫn giữ dữ liệu [200],GET,/api/v1/crm/sales-plans/1,200,200,7,True,,"{""id"": 1, ""is_active"": false, ""created_at"": ""2026-09-27T16:26:16.695298Z"", ""updated_at"": ""2026-09-27T16:26:20.413563Z"", ""sale_id"": 2, ""period_start"": ""2030-01-01"", ""period_type"": ""MONTH"", ""target_amount"": ""50000000.00"", ""actual_amount"": ""2000000.00"", ""note"": null}",[]
01. Xóa khi chưa đăng nhập [401],DELETE,/api/v1/crm/care-tasks/1,401,401,2,True,,"{""detail"": ""Not authenticated""}",[]
02. Xóa với token giả [401],DELETE,/api/v1/crm/care-tasks/1,401,401,3,True,,"{""detail"": ""Token không hợp lệ""}",[]
03. Khách thử xóa [403],DELETE,/api/v1/crm/care-tasks/1,403,403,8,True,,"{""detail"": ""Bạn không có quyền thực hiện thao tác này""}",[]
04. Xóa ID không tồn tại [404],DELETE,/api/v1/crm/care-tasks/9223372036854775806,404,404,12,True,,"{""detail"": ""Không tìm thấy bản ghi CRM""}",[]
05. Xóa ID bằng 0 [422],DELETE,/api/v1/crm/care-tasks/0,422,422,9,True,,"{""detail"": [{""type"": ""greater_than"", ""loc"": [""path"", ""record_id""], ""msg"": ""Input should be greater than 0"", ""input"": ""0"", ""ctx"": {""gt"": 0}}]}",[]
06. Xóa ID âm [422],DELETE,/api/v1/crm/care-tasks/-1,422,422,10,True,,"{""detail"": [{""type"": ""greater_than"", ""loc"": [""path"", ""record_id""], ""msg"": ""Input should be greater than 0"", ""input"": ""-1"", ""ctx"": {""gt"": 0}}]}",[]
07. Xóa ID dạng chữ [422],DELETE,/api/v1/crm/care-tasks/abc,422,422,7,True,,"{""detail"": [{""type"": ""int_parsing"", ""loc"": [""path"", ""record_id""], ""msg"": ""Input should be a valid integer, unable to parse string as an integer"", ""input"": ""abc""}]}",[]
08. Xóa ID vượt giới hạn [422],DELETE,/api/v1/crm/care-tasks/9223372036854775808,422,422,7,True,,"{""detail"": [{""type"": ""less_than_equal"", ""loc"": [""path"", ""record_id""], ""msg"": ""Input should be less than or equal to 9223372036854775807"", ""input"": ""9223372036854775808"", ""ctx"": {""le"": 9223372036854775807}}]}",[]
09. Ngừng sử dụng bản ghi [204],DELETE,/api/v1/crm/care-tasks/1,204,204,14,True,,,[]
10. Bấm xóa lần nữa [204],DELETE,/api/v1/crm/care-tasks/1,204,204,16,True,,,[]
11. Kiểm tra xóa mềm vẫn giữ dữ liệu [200],GET,/api/v1/crm/care-tasks/1,200,200,14,True,,"{""id"": 1, ""is_active"": false, ""created_at"": ""2026-09-27T16:26:15.988648Z"", ""updated_at"": ""2026-09-27T16:26:20.625188Z"", ""customer_id"": 1, ""title"": ""Gọi tư vấn đơn hàng"", ""due_on"": ""2026-10-01"", ""status"": ""CONTACTED"", ""note"": null}",[]
01. Xóa khi chưa đăng nhập [401],DELETE,/api/v1/crm/trackings/1,401,401,2,True,,"{""detail"": ""Not authenticated""}",[]
02. Xóa với token giả [401],DELETE,/api/v1/crm/trackings/1,401,401,1,True,,"{""detail"": ""Token không hợp lệ""}",[]
03. Khách thử xóa [403],DELETE,/api/v1/crm/trackings/1,403,403,6,True,,"{""detail"": ""Bạn không có quyền thực hiện thao tác này""}",[]
04. Xóa ID không tồn tại [404],DELETE,/api/v1/crm/trackings/9223372036854775806,404,404,7,True,,"{""detail"": ""Không tìm thấy bản ghi CRM""}",[]
05. Xóa ID bằng 0 [422],DELETE,/api/v1/crm/trackings/0,422,422,9,True,,"{""detail"": [{""type"": ""greater_than"", ""loc"": [""path"", ""record_id""], ""msg"": ""Input should be greater than 0"", ""input"": ""0"", ""ctx"": {""gt"": 0}}]}",[]
06. Xóa ID âm [422],DELETE,/api/v1/crm/trackings/-1,422,422,15,True,,"{""detail"": [{""type"": ""greater_than"", ""loc"": [""path"", ""record_id""], ""msg"": ""Input should be greater than 0"", ""input"": ""-1"", ""ctx"": {""gt"": 0}}]}",[]
07. Xóa ID dạng chữ [422],DELETE,/api/v1/crm/trackings/abc,422,422,11,True,,"{""detail"": [{""type"": ""int_parsing"", ""loc"": [""path"", ""record_id""], ""msg"": ""Input should be a valid integer, unable to parse string as an integer"", ""input"": ""abc""}]}",[]
08. Xóa ID vượt giới hạn [422],DELETE,/api/v1/crm/trackings/9223372036854775808,422,422,10,True,,"{""detail"": [{""type"": ""less_than_equal"", ""loc"": [""path"", ""record_id""], ""msg"": ""Input should be less than or equal to 9223372036854775807"", ""input"": ""9223372036854775808"", ""ctx"": {""le"": 9223372036854775807}}]}",[]
09. Ngừng sử dụng bản ghi [204],DELETE,/api/v1/crm/trackings/1,204,204,24,True,,,[]
10. Bấm xóa lần nữa [204],DELETE,/api/v1/crm/trackings/1,204,204,16,True,,,[]
11. Kiểm tra xóa mềm vẫn giữ dữ liệu [200],GET,/api/v1/crm/trackings/1,200,200,11,True,,"{""id"": 1, ""is_active"": false, ""created_at"": ""2026-09-27T16:26:15.295280Z"", ""updated_at"": ""2026-09-27T16:26:20.857071Z"", ""customer_id"": 1, ""tracking_code"": ""VD_MUK165NL"", ""shipped_on"": ""2026-09-27"", ""note"": ""Đã gọi xác nhận""}",[]
01. Xóa khi chưa đăng nhập [401],DELETE,/api/v1/crm/customers/1,401,401,3,True,,"{""detail"": ""Not authenticated""}",[]
02. Xóa với token giả [401],DELETE,/api/v1/crm/customers/1,401,401,3,True,,"{""detail"": ""Token không hợp lệ""}",[]
03. Khách thử xóa [403],DELETE,/api/v1/crm/customers/1,403,403,11,True,,"{""detail"": ""Bạn không có quyền thực hiện thao tác này""}",[]
04. Xóa ID không tồn tại [404],DELETE,/api/v1/crm/customers/9223372036854775806,404,404,13,True,,"{""detail"": ""Không tìm thấy bản ghi CRM""}",[]
05. Xóa ID bằng 0 [422],DELETE,/api/v1/crm/customers/0,422,422,14,True,,"{""detail"": [{""type"": ""greater_than"", ""loc"": [""path"", ""record_id""], ""msg"": ""Input should be greater than 0"", ""input"": ""0"", ""ctx"": {""gt"": 0}}]}",[]
06. Xóa ID âm [422],DELETE,/api/v1/crm/customers/-1,422,422,10,True,,"{""detail"": [{""type"": ""greater_than"", ""loc"": [""path"", ""record_id""], ""msg"": ""Input should be greater than 0"", ""input"": ""-1"", ""ctx"": {""gt"": 0}}]}",[]
07. Xóa ID dạng chữ [422],DELETE,/api/v1/crm/customers/abc,422,422,7,True,,"{""detail"": [{""type"": ""int_parsing"", ""loc"": [""path"", ""record_id""], ""msg"": ""Input should be a valid integer, unable to parse string as an integer"", ""input"": ""abc""}]}",[]
08. Xóa ID vượt giới hạn [422],DELETE,/api/v1/crm/customers/9223372036854775808,422,422,6,True,,"{""detail"": [{""type"": ""less_than_equal"", ""loc"": [""path"", ""record_id""], ""msg"": ""Input should be less than or equal to 9223372036854775807"", ""input"": ""9223372036854775808"", ""ctx"": {""le"": 9223372036854775807}}]}",[]
09. Ngừng sử dụng bản ghi [204],DELETE,/api/v1/crm/customers/1,204,204,12,True,,,[]
10. Bấm xóa lần nữa [204],DELETE,/api/v1/crm/customers/1,204,204,8,True,,,[]
11. Kiểm tra xóa mềm vẫn giữ dữ liệu [200],GET,/api/v1/crm/customers/1,200,200,14,True,,"{""id"": 1, ""is_active"": false, ""created_at"": ""2026-09-27T16:26:14.645895Z"", ""updated_at"": ""2026-09-27T16:26:21.079734Z"", ""code"": ""KH_MUK165NL"", ""name"": ""Nguyễn Văn An đã sửa"", ""sale_id"": 2, ""user_id"": null, ""phone"": ""0901234567"", ""email"": null, ""address"": null, ""credit_limit"": ""1000000.00"", ""note"": null}",[]
01. Xóa khi chưa đăng nhập [401],DELETE,/api/v1/brand-rights/1,401,401,2,True,,"{""detail"": ""Not authenticated""}",[]
02. Xóa với token giả [401],DELETE,/api/v1/brand-rights/1,401,401,1,True,,"{""detail"": ""Token không hợp lệ""}",[]
03. Khách thử xóa [403],DELETE,/api/v1/brand-rights/1,403,403,6,True,,"{""detail"": ""Bạn không có quyền thực hiện thao tác này""}",[]
04. Xóa ID không tồn tại [404],DELETE,/api/v1/brand-rights/9223372036854775806,404,404,7,True,,"{""detail"": ""Không tìm thấy bản ghi danh mục""}",[]
05. Xóa ID bằng 0 [422],DELETE,/api/v1/brand-rights/0,422,422,6,True,,"{""detail"": [{""type"": ""greater_than"", ""loc"": [""path"", ""record_id""], ""msg"": ""Input should be greater than 0"", ""input"": ""0"", ""ctx"": {""gt"": 0}}]}",[]
06. Xóa ID âm [422],DELETE,/api/v1/brand-rights/-1,422,422,5,True,,"{""detail"": [{""type"": ""greater_than"", ""loc"": [""path"", ""record_id""], ""msg"": ""Input should be greater than 0"", ""input"": ""-1"", ""ctx"": {""gt"": 0}}]}",[]
07. Xóa ID dạng chữ [422],DELETE,/api/v1/brand-rights/abc,422,422,6,True,,"{""detail"": [{""type"": ""int_parsing"", ""loc"": [""path"", ""record_id""], ""msg"": ""Input should be a valid integer, unable to parse string as an integer"", ""input"": ""abc""}]}",[]
08. Xóa ID vượt giới hạn [422],DELETE,/api/v1/brand-rights/9223372036854775808,422,422,21,True,,"{""detail"": [{""type"": ""less_than_equal"", ""loc"": [""path"", ""record_id""], ""msg"": ""Input should be less than or equal to 9223372036854775807"", ""input"": ""9223372036854775808"", ""ctx"": {""le"": 9223372036854775807}}]}",[]
09. Ngừng sử dụng bản ghi [204],DELETE,/api/v1/brand-rights/1,204,204,8,True,,,[]
10. Bấm xóa lần nữa [204],DELETE,/api/v1/brand-rights/1,204,204,10,True,,,[]
11. Kiểm tra xóa mềm vẫn giữ dữ liệu [200],GET,/api/v1/brand-rights/1,200,200,5,True,,"{""id"": 1, ""is_active"": false, ""created_at"": ""2026-09-27T16:26:13.980938Z"", ""updated_at"": ""2026-09-27T16:26:21.271527Z"", ""brand_name"": ""Nhãn muk165nl"", ""holder_name"": ""Công ty B"", ""right_type"": ""COPYRIGHT"", ""product_id"": 1, ""category_id"": null, ""document_url"": null, ""valid_from"": null, ""valid_until"": null, ""note"": null}",[]
01. Xóa khi chưa đăng nhập [401],DELETE,/api/v1/products/1,401,401,1,True,,"{""detail"": ""Not authenticated""}",[]
02. Xóa với token giả [401],DELETE,/api/v1/products/1,401,401,2,True,,"{""detail"": ""Token không hợp lệ""}",[]
03. Khách thử xóa [403],DELETE,/api/v1/products/1,403,403,5,True,,"{""detail"": ""Bạn không có quyền thực hiện thao tác này""}",[]
04. Xóa ID không tồn tại [404],DELETE,/api/v1/products/9223372036854775806,404,404,11,True,,"{""detail"": ""Không tìm thấy bản ghi danh mục""}",[]
05. Xóa ID bằng 0 [422],DELETE,/api/v1/products/0,422,422,5,True,,"{""detail"": [{""type"": ""greater_than"", ""loc"": [""path"", ""record_id""], ""msg"": ""Input should be greater than 0"", ""input"": ""0"", ""ctx"": {""gt"": 0}}]}",[]
06. Xóa ID âm [422],DELETE,/api/v1/products/-1,422,422,5,True,,"{""detail"": [{""type"": ""greater_than"", ""loc"": [""path"", ""record_id""], ""msg"": ""Input should be greater than 0"", ""input"": ""-1"", ""ctx"": {""gt"": 0}}]}",[]
07. Xóa ID dạng chữ [422],DELETE,/api/v1/products/abc,422,422,6,True,,"{""detail"": [{""type"": ""int_parsing"", ""loc"": [""path"", ""record_id""], ""msg"": ""Input should be a valid integer, unable to parse string as an integer"", ""input"": ""abc""}]}",[]
08. Xóa ID vượt giới hạn [422],DELETE,/api/v1/products/9223372036854775808,422,422,6,True,,"{""detail"": [{""type"": ""less_than_equal"", ""loc"": [""path"", ""record_id""], ""msg"": ""Input should be less than or equal to 9223372036854775807"", ""input"": ""9223372036854775808"", ""ctx"": {""le"": 9223372036854775807}}]}",[]
09. Ngừng sử dụng bản ghi [204],DELETE,/api/v1/products/1,204,204,12,True,,,[]
10. Bấm xóa lần nữa [204],DELETE,/api/v1/products/1,204,204,12,True,,,[]
11. Kiểm tra xóa mềm vẫn giữ dữ liệu [200],GET,/api/v1/products/1,200,200,8,True,,"{""id"": 1, ""is_active"": false, ""created_at"": ""2026-09-27T16:26:13.300899Z"", ""updated_at"": ""2026-09-27T16:26:21.445830Z"", ""sku"": ""SP_MUK165NL"", ""name"": ""Áo đã sửa"", ""reference_price"": ""25.5000"", ""currency_code"": ""CNY"", ""source_url"": ""https://detail.1688.com/offer/123.html"", ""image_url"": null, ""description"": null, ""origin_country_id"": 3, ""shipping_country_id"": null, ""unit_id"": null, ""package_type_id"": null, ""category_id"": 2}",[]
01. Xóa khi chưa đăng nhập [401],DELETE,/api/v1/catalog/categories/2,401,401,2,True,,"{""detail"": ""Not authenticated""}",[]
02. Xóa với token giả [401],DELETE,/api/v1/catalog/categories/2,401,401,2,True,,"{""detail"": ""Token không hợp lệ""}",[]
03. Khách thử xóa [403],DELETE,/api/v1/catalog/categories/2,403,403,6,True,,"{""detail"": ""Bạn không có quyền thực hiện thao tác này""}",[]
04. Xóa ID không tồn tại [404],DELETE,/api/v1/catalog/categories/9223372036854775806,404,404,8,True,,"{""detail"": ""Không tìm thấy bản ghi danh mục""}",[]
05. Xóa ID bằng 0 [422],DELETE,/api/v1/catalog/categories/0,422,422,9,True,,"{""detail"": [{""type"": ""greater_than"", ""loc"": [""path"", ""record_id""], ""msg"": ""Input should be greater than 0"", ""input"": ""0"", ""ctx"": {""gt"": 0}}]}",[]
06. Xóa ID âm [422],DELETE,/api/v1/catalog/categories/-1,422,422,7,True,,"{""detail"": [{""type"": ""greater_than"", ""loc"": [""path"", ""record_id""], ""msg"": ""Input should be greater than 0"", ""input"": ""-1"", ""ctx"": {""gt"": 0}}]}",[]
07. Xóa ID dạng chữ [422],DELETE,/api/v1/catalog/categories/abc,422,422,7,True,,"{""detail"": [{""type"": ""int_parsing"", ""loc"": [""path"", ""record_id""], ""msg"": ""Input should be a valid integer, unable to parse string as an integer"", ""input"": ""abc""}]}",[]
08. Xóa ID vượt giới hạn [422],DELETE,/api/v1/catalog/categories/9223372036854775808,422,422,8,True,,"{""detail"": [{""type"": ""less_than_equal"", ""loc"": [""path"", ""record_id""], ""msg"": ""Input should be less than or equal to 9223372036854775807"", ""input"": ""9223372036854775808"", ""ctx"": {""le"": 9223372036854775807}}]}",[]
09. Ngừng sử dụng bản ghi [204],DELETE,/api/v1/catalog/categories/2,204,204,19,True,,,[]
10. Bấm xóa lần nữa [204],DELETE,/api/v1/catalog/categories/2,204,204,19,True,,,[]
11. Kiểm tra xóa mềm vẫn giữ dữ liệu [200],GET,/api/v1/catalog/categories/2,200,200,8,True,,"{""id"": 2, ""is_active"": false, ""created_at"": ""2026-09-27T16:26:12.649878Z"", ""updated_at"": ""2026-09-27T16:26:21.650101Z"", ""code"": ""MUK165NL_CATEGORIES"", ""name"": ""Danh mục đã sửa"", ""description"": null}",[]
01. Xóa khi chưa đăng nhập [401],DELETE,/api/v1/catalog/package-types/4,401,401,2,True,,"{""detail"": ""Not authenticated""}",[]
02. Xóa với token giả [401],DELETE,/api/v1/catalog/package-types/4,401,401,4,True,,"{""detail"": ""Token không hợp lệ""}",[]
03. Khách thử xóa [403],DELETE,/api/v1/catalog/package-types/4,403,403,8,True,,"{""detail"": ""Bạn không có quyền thực hiện thao tác này""}",[]
04. Xóa ID không tồn tại [404],DELETE,/api/v1/catalog/package-types/9223372036854775806,404,404,11,True,,"{""detail"": ""Không tìm thấy bản ghi danh mục""}",[]
05. Xóa ID bằng 0 [422],DELETE,/api/v1/catalog/package-types/0,422,422,10,True,,"{""detail"": [{""type"": ""greater_than"", ""loc"": [""path"", ""record_id""], ""msg"": ""Input should be greater than 0"", ""input"": ""0"", ""ctx"": {""gt"": 0}}]}",[]
06. Xóa ID âm [422],DELETE,/api/v1/catalog/package-types/-1,422,422,12,True,,"{""detail"": [{""type"": ""greater_than"", ""loc"": [""path"", ""record_id""], ""msg"": ""Input should be greater than 0"", ""input"": ""-1"", ""ctx"": {""gt"": 0}}]}",[]
07. Xóa ID dạng chữ [422],DELETE,/api/v1/catalog/package-types/abc,422,422,7,True,,"{""detail"": [{""type"": ""int_parsing"", ""loc"": [""path"", ""record_id""], ""msg"": ""Input should be a valid integer, unable to parse string as an integer"", ""input"": ""abc""}]}",[]
08. Xóa ID vượt giới hạn [422],DELETE,/api/v1/catalog/package-types/9223372036854775808,422,422,8,True,,"{""detail"": [{""type"": ""less_than_equal"", ""loc"": [""path"", ""record_id""], ""msg"": ""Input should be less than or equal to 9223372036854775807"", ""input"": ""9223372036854775808"", ""ctx"": {""le"": 9223372036854775807}}]}",[]
09. Ngừng sử dụng bản ghi [204],DELETE,/api/v1/catalog/package-types/4,204,204,16,True,,,[]
10. Bấm xóa lần nữa [204],DELETE,/api/v1/catalog/package-types/4,204,204,20,True,,,[]
11. Kiểm tra xóa mềm vẫn giữ dữ liệu [200],GET,/api/v1/catalog/package-types/4,200,200,5,True,,"{""id"": 4, ""is_active"": false, ""created_at"": ""2026-09-27T16:26:11.995724Z"", ""updated_at"": ""2026-09-27T16:26:21.876562Z"", ""code"": ""MUK165NL_PACKAGE-TYPES"", ""name"": ""Danh mục đã sửa"", ""description"": null}",[]
01. Xóa khi chưa đăng nhập [401],DELETE,/api/v1/catalog/units/5,401,401,4,True,,"{""detail"": ""Not authenticated""}",[]
02. Xóa với token giả [401],DELETE,/api/v1/catalog/units/5,401,401,2,True,,"{""detail"": ""Token không hợp lệ""}",[]
03. Khách thử xóa [403],DELETE,/api/v1/catalog/units/5,403,403,9,True,,"{""detail"": ""Bạn không có quyền thực hiện thao tác này""}",[]
04. Xóa ID không tồn tại [404],DELETE,/api/v1/catalog/units/9223372036854775806,404,404,7,True,,"{""detail"": ""Không tìm thấy bản ghi danh mục""}",[]
05. Xóa ID bằng 0 [422],DELETE,/api/v1/catalog/units/0,422,422,6,True,,"{""detail"": [{""type"": ""greater_than"", ""loc"": [""path"", ""record_id""], ""msg"": ""Input should be greater than 0"", ""input"": ""0"", ""ctx"": {""gt"": 0}}]}",[]
06. Xóa ID âm [422],DELETE,/api/v1/catalog/units/-1,422,422,6,True,,"{""detail"": [{""type"": ""greater_than"", ""loc"": [""path"", ""record_id""], ""msg"": ""Input should be greater than 0"", ""input"": ""-1"", ""ctx"": {""gt"": 0}}]}",[]
07. Xóa ID dạng chữ [422],DELETE,/api/v1/catalog/units/abc,422,422,6,True,,"{""detail"": [{""type"": ""int_parsing"", ""loc"": [""path"", ""record_id""], ""msg"": ""Input should be a valid integer, unable to parse string as an integer"", ""input"": ""abc""}]}",[]
08. Xóa ID vượt giới hạn [422],DELETE,/api/v1/catalog/units/9223372036854775808,422,422,8,True,,"{""detail"": [{""type"": ""less_than_equal"", ""loc"": [""path"", ""record_id""], ""msg"": ""Input should be less than or equal to 9223372036854775807"", ""input"": ""9223372036854775808"", ""ctx"": {""le"": 9223372036854775807}}]}",[]
09. Ngừng sử dụng bản ghi [204],DELETE,/api/v1/catalog/units/5,204,204,12,True,,,[]
10. Bấm xóa lần nữa [204],DELETE,/api/v1/catalog/units/5,204,204,11,True,,,[]
11. Kiểm tra xóa mềm vẫn giữ dữ liệu [200],GET,/api/v1/catalog/units/5,200,200,9,True,,"{""id"": 5, ""is_active"": false, ""created_at"": ""2026-09-27T16:26:11.315259Z"", ""updated_at"": ""2026-09-27T16:26:22.065535Z"", ""code"": ""MUK165NL_UNITS"", ""name"": ""Danh mục đã sửa"", ""description"": null}",[]
01. Xóa khi chưa đăng nhập [401],DELETE,/api/v1/catalog/countries/3,401,401,1,True,,"{""detail"": ""Not authenticated""}",[]
02. Xóa với token giả [401],DELETE,/api/v1/catalog/countries/3,401,401,2,True,,"{""detail"": ""Token không hợp lệ""}",[]
03. Khách thử xóa [403],DELETE,/api/v1/catalog/countries/3,403,403,8,True,,"{""detail"": ""Bạn không có quyền thực hiện thao tác này""}",[]
04. Xóa ID không tồn tại [404],DELETE,/api/v1/catalog/countries/9223372036854775806,404,404,8,True,,"{""detail"": ""Không tìm thấy bản ghi danh mục""}",[]
05. Xóa ID bằng 0 [422],DELETE,/api/v1/catalog/countries/0,422,422,14,True,,"{""detail"": [{""type"": ""greater_than"", ""loc"": [""path"", ""record_id""], ""msg"": ""Input should be greater than 0"", ""input"": ""0"", ""ctx"": {""gt"": 0}}]}",[]
06. Xóa ID âm [422],DELETE,/api/v1/catalog/countries/-1,422,422,36,True,,"{""detail"": [{""type"": ""greater_than"", ""loc"": [""path"", ""record_id""], ""msg"": ""Input should be greater than 0"", ""input"": ""-1"", ""ctx"": {""gt"": 0}}]}",[]
07. Xóa ID dạng chữ [422],DELETE,/api/v1/catalog/countries/abc,422,422,13,True,,"{""detail"": [{""type"": ""int_parsing"", ""loc"": [""path"", ""record_id""], ""msg"": ""Input should be a valid integer, unable to parse string as an integer"", ""input"": ""abc""}]}",[]
08. Xóa ID vượt giới hạn [422],DELETE,/api/v1/catalog/countries/9223372036854775808,422,422,5,True,,"{""detail"": [{""type"": ""less_than_equal"", ""loc"": [""path"", ""record_id""], ""msg"": ""Input should be less than or equal to 9223372036854775807"", ""input"": ""9223372036854775808"", ""ctx"": {""le"": 9223372036854775807}}]}",[]
09. Ngừng sử dụng bản ghi [204],DELETE,/api/v1/catalog/countries/3,204,204,11,True,,,[]
10. Bấm xóa lần nữa [204],DELETE,/api/v1/catalog/countries/3,204,204,14,True,,,[]
11. Kiểm tra xóa mềm vẫn giữ dữ liệu [200],GET,/api/v1/catalog/countries/3,200,200,5,True,,"{""id"": 3, ""is_active"": false, ""created_at"": ""2026-09-27T16:26:10.649995Z"", ""updated_at"": ""2026-09-27T16:26:22.356112Z"", ""code"": ""AA"", ""name"": ""Danh mục đã sửa"", ""description"": null}",[]
01. Họ tên chỉ có khoảng trắng [422],POST,/api/v1/auth/register,422,422,2,True,"{""username"": ""blank_muk165nl"", ""password"": ""[REDACTED]"", ""full_name"": ""   ""}","{""detail"": ""Họ tên không được để trống""}",[]
02. Đăng ký hợp lệ [201],POST,/api/v1/auth/register,201,201,94,True,"{""username"": ""kh_muk165nl"", ""password"": ""[REDACTED]"", ""full_name"": ""Khách đăng ký""}","{""id"": 8, ""username"": ""kh_muk165nl"", ""email"": null, ""full_name"": ""Khách đăng ký"", ""phone"": null, ""role"": ""CUSTOMER"", ""balance"": ""0"", ""status"": ""ACTIVE"", ""last_login_at"": null, ""created_at"": ""2026-09-27T16:26:22.470888Z""}",[]
03. Đăng ký trùng username [409],POST,/api/v1/auth/register,409,409,4,True,"{""username"": ""kh_muk165nl"", ""password"": ""[REDACTED]"", ""full_name"": ""Khách đăng ký""}","{""detail"": ""Tên đăng nhập đã tồn tại""}",[]
04. Bỏ trống form [422],POST,/api/v1/auth/register,422,422,2,True,{},"{""detail"": [{""type"": ""missing"", ""loc"": [""body"", ""username""], ""msg"": ""Field required"", ""input"": {}}, {""type"": ""missing"", ""loc"": [""body"", ""password""], ""msg"": ""Field required"", ""input"": {}}, {""type"": ""missing"", ""loc"": [""body"", ""full_name""], ""msg"": ""Field required"", ""input"": {}}]}",[]
05. Tên đăng nhập quá ngắn [422],POST,/api/v1/auth/register,422,422,1,True,"{""username"": ""a"", ""password"": ""[REDACTED]"", ""full_name"": ""Khách đăng ký""}","{""detail"": [{""type"": ""string_pattern_mismatch"", ""loc"": [""body"", ""username""], ""msg"": ""String should match pattern '^[a-zA-Z0-9_.]{3,50}$'"", ""input"": ""a"", ""ctx"": {""pattern"": ""^[a-zA-Z0-9_.]{3,50}$""}}]}",[]
06. Mật khẩu quá ngắn [422],POST,/api/v1/auth/register,422,422,1,True,"{""username"": ""kh_muk165nl"", ""password"": ""[REDACTED]"", ""full_name"": ""Khách đăng ký""}","{""detail"": [{""type"": ""string_too_short"", ""loc"": [""body"", ""password""], ""msg"": ""String should have at least 8 characters"", ""input"": ""123"", ""ctx"": {""min_length"": 8}}]}",[]
07. Email không hợp lệ [422],POST,/api/v1/auth/register,422,422,2,True,"{""username"": ""kh_muk165nl"", ""password"": ""[REDACTED]"", ""full_name"": ""Khách đăng ký"", ""email"": ""not-mail""}","{""detail"": [{""type"": ""value_error"", ""loc"": [""body"", ""email""], ""msg"": ""value is not a valid email address: An email address must have an @-sign."", ""input"": ""not-mail"", ""ctx"": {""reason"": ""An email address must have an @-sign.""}}]}",[]
08. Điện thoại chứa chữ [422],POST,/api/v1/auth/register,422,422,2,True,"{""username"": ""kh_muk165nl"", ""password"": ""[REDACTED]"", ""full_name"": ""Khách đăng ký"", ""phone"": ""abc""}","{""detail"": [{""type"": ""string_pattern_mismatch"", ""loc"": [""body"", ""phone""], ""msg"": ""String should match pattern '^\\+?[0-9 .\\-]{8,20}$'"", ""input"": ""abc"", ""ctx"": {""pattern"": ""^\\+?[0-9 .\\-]{8,20}$""}}]}",[]
09. Họ tên rỗng [422],POST,/api/v1/auth/register,422,422,2,True,"{""username"": ""kh_muk165nl"", ""password"": ""[REDACTED]"", ""full_name"": """"}","{""detail"": [{""type"": ""string_too_short"", ""loc"": [""body"", ""full_name""], ""msg"": ""String should have at least 1 character"", ""input"": """", ""ctx"": {""min_length"": 1}}]}",[]
10. Username chứa ký tự cấm [422],POST,/api/v1/auth/register,422,422,1,True,"{""username"": ""bad@name"", ""password"": ""[REDACTED]"", ""full_name"": ""Khách đăng ký""}","{""detail"": [{""type"": ""string_pattern_mismatch"", ""loc"": [""body"", ""username""], ""msg"": ""String should match pattern '^[a-zA-Z0-9_.]{3,50}$'"", ""input"": ""bad@name"", ""ctx"": {""pattern"": ""^[a-zA-Z0-9_.]{3,50}$""}}]}",[]
11. Thiếu mật khẩu [422],POST,/api/v1/auth/register,422,422,1,True,"{""username"": ""kh_muk165nl"", ""full_name"": ""Khách đăng ký""}","{""detail"": [{""type"": ""missing"", ""loc"": [""body"", ""password""], ""msg"": ""Field required"", ""input"": {""username"": ""kh_muk165nl"", ""full_name"": ""Khách đăng ký""}}]}",[]
12. Mật khẩu sai [401],POST,/api/v1/auth/login,401,401,46,True,"{""username"": ""admin"", ""password"": ""[REDACTED]""}","{""detail"": ""Sai tên đăng nhập hoặc mật khẩu""}",[]
13. Tài khoản không tồn tại [401],POST,/api/v1/auth/login,401,401,4,True,"{""username"": ""no_such_account"", ""password"": ""[REDACTED]""}","{""detail"": ""Sai tên đăng nhập hoặc mật khẩu""}",[]
14. Không nhập username [422],POST,/api/v1/auth/login,422,422,2,True,"{""password"": ""[REDACTED]""}","{""detail"": [{""type"": ""missing"", ""loc"": [""body"", ""username""], ""msg"": ""Field required"", ""input"": null}]}",[]
15. Không nhập password [422],POST,/api/v1/auth/login,422,422,1,True,"{""username"": ""admin""}","{""detail"": [{""type"": ""missing"", ""loc"": [""body"", ""password""], ""msg"": ""Field required"", ""input"": null}]}",[]
16. Không nhập form [422],POST,/api/v1/auth/login,422,422,2,True,{},"{""detail"": [{""type"": ""missing"", ""loc"": [""body"", ""username""], ""msg"": ""Field required"", ""input"": null}, {""type"": ""missing"", ""loc"": [""body"", ""password""], ""msg"": ""Field required"", ""input"": null}]}",[]
17. Nhập tên có dấu nháy SQL [401],POST,/api/v1/auth/login,401,401,4,True,"{""username"": ""admin' OR 1=1 --"", ""password"": ""[REDACTED]""}","{""detail"": ""Sai tên đăng nhập hoặc mật khẩu""}",[]
18. Nhập khoảng trắng [401],POST,/api/v1/auth/login,401,401,5,True,"{""username"": ""   "", ""password"": ""[REDACTED]""}","{""detail"": ""Sai tên đăng nhập hoặc mật khẩu""}",[]
19. Đăng nhập kh_{{run}} [200],POST,/api/v1/auth/login,200,200,57,True,"{""username"": ""kh_muk165nl"", ""password"": ""[REDACTED]""}","{""access_token"": ""[REDACTED]"", ""refresh_token"": ""[REDACTED]"", ""token_type"": ""[REDACTED]"", ""expires_in"": 1799}",[]
01. Token hợp lệ [200],POST,/api/v1/auth/refresh,200,200,11,True,"{""refresh_token"": ""[REDACTED]""}","{""access_token"": ""[REDACTED]"", ""refresh_token"": ""[REDACTED]"", ""token_type"": ""[REDACTED]"", ""expires_in"": 1799}",[]
02. Dùng lại token vừa thu hồi [401],POST,/api/v1/auth/refresh,401,401,5,True,"{""refresh_token"": ""[REDACTED]""}","{""detail"": ""Refresh token không hợp lệ hoặc đã bị thu hồi""}",[]
03. Token sai chữ ký [401],POST,/api/v1/auth/refresh,401,401,1,True,"{""refresh_token"": ""[REDACTED]""}","{""detail"": ""Token không hợp lệ""}",[]
04. Lấy access thay refresh [401],POST,/api/v1/auth/refresh,401,401,1,True,"{""refresh_token"": ""[REDACTED]""}","{""detail"": ""Sai loại token""}",[]
05. Thiếu refresh_token [422],POST,/api/v1/auth/refresh,422,422,2,True,{},"{""detail"": [{""type"": ""missing"", ""loc"": [""body"", ""refresh_token""], ""msg"": ""Field required"", ""input"": {}}]}",[]
06. Refresh token null [422],POST,/api/v1/auth/refresh,422,422,2,True,"{""refresh_token"": ""[REDACTED]""}","{""detail"": [{""type"": ""string_type"", ""loc"": [""body"", ""refresh_token""], ""msg"": ""Input should be a valid string"", ""input"": null}]}",[]
07. Refresh token kiểu số [422],POST,/api/v1/auth/refresh,422,422,1,True,"{""refresh_token"": ""[REDACTED]""}","{""detail"": [{""type"": ""string_type"", ""loc"": [""body"", ""refresh_token""], ""msg"": ""Input should be a valid string"", ""input"": 123}]}",[]
08. Refresh token kiểu object [422],POST,/api/v1/auth/refresh,422,422,2,True,"{""refresh_token"": ""[REDACTED]""}","{""detail"": [{""type"": ""string_type"", ""loc"": [""body"", ""refresh_token""], ""msg"": ""Input should be a valid string"", ""input"": {}}]}",[]
09. Refresh token chuỗi rỗng [401],POST,/api/v1/auth/refresh,401,401,1,True,"{""refresh_token"": ""[REDACTED]""}","{""detail"": ""Token không hợp lệ""}",[]
10. Refresh token chuỗi bất kỳ [401],POST,/api/v1/auth/refresh,401,401,1,True,"{""refresh_token"": ""[REDACTED]""}","{""detail"": ""Token không hợp lệ""}",[]
11. Đăng nhập kh_{{run}} [200],POST,/api/v1/auth/login,200,200,54,True,"{""username"": ""kh_muk165nl"", ""password"": ""[REDACTED]""}","{""access_token"": ""[REDACTED]"", ""refresh_token"": ""[REDACTED]"", ""token_type"": ""[REDACTED]"", ""expires_in"": 1799}",[]
12. Token hợp lệ [204],POST,/api/v1/auth/logout,204,204,9,True,"{""refresh_token"": ""[REDACTED]""}",,[]
13. Dùng lại token vừa thu hồi [204],POST,/api/v1/auth/logout,204,204,4,True,"{""refresh_token"": ""[REDACTED]""}",,[]
14. Token sai chữ ký [204],POST,/api/v1/auth/logout,204,204,2,True,"{""refresh_token"": ""[REDACTED]""}",,[]
15. Lấy access thay refresh [204],POST,/api/v1/auth/logout,204,204,2,True,"{""refresh_token"": ""[REDACTED]""}",,[]
16. Thiếu refresh_token [422],POST,/api/v1/auth/logout,422,422,1,True,{},"{""detail"": [{""type"": ""missing"", ""loc"": [""body"", ""refresh_token""], ""msg"": ""Field required"", ""input"": {}}]}",[]
17. Refresh token null [422],POST,/api/v1/auth/logout,422,422,2,True,"{""refresh_token"": ""[REDACTED]""}","{""detail"": [{""type"": ""string_type"", ""loc"": [""body"", ""refresh_token""], ""msg"": ""Input should be a valid string"", ""input"": null}]}",[]
18. Refresh token kiểu số [422],POST,/api/v1/auth/logout,422,422,2,True,"{""refresh_token"": ""[REDACTED]""}","{""detail"": [{""type"": ""string_type"", ""loc"": [""body"", ""refresh_token""], ""msg"": ""Input should be a valid string"", ""input"": 123}]}",[]
19. Refresh token kiểu object [422],POST,/api/v1/auth/logout,422,422,2,True,"{""refresh_token"": ""[REDACTED]""}","{""detail"": [{""type"": ""string_type"", ""loc"": [""body"", ""refresh_token""], ""msg"": ""Input should be a valid string"", ""input"": {}}]}",[]
20. Refresh token chuỗi rỗng [204],POST,/api/v1/auth/logout,204,204,25,True,"{""refresh_token"": ""[REDACTED]""}",,[]
21. Refresh token chuỗi bất kỳ [204],POST,/api/v1/auth/logout,204,204,2,True,"{""refresh_token"": ""[REDACTED]""}",,[]
01. Xem hồ sơ với admin [200],GET,/api/v1/users/me,200,200,3,True,,"{""id"": 1, ""username"": ""admin"", ""email"": ""admin@example.com"", ""full_name"": ""Quản trị viên"", ""phone"": ""0900000001"", ""role"": ""ADMIN"", ""balance"": ""0.00"", ""status"": ""ACTIVE"", ""last_login_at"": ""2026-09-27T16:26:10.395026Z"", ""created_at"": ""2026-09-27T16:26:07.952004Z""}",[]
02. Xem hồ sơ với sale [200],GET,/api/v1/users/me,200,200,5,True,,"{""id"": 2, ""username"": ""sale01"", ""email"": ""sale01@example.com"", ""full_name"": ""Nhân viên Sale 01"", ""phone"": ""0900000002"", ""role"": ""SALE"", ""balance"": ""0.00"", ""status"": ""ACTIVE"", ""last_login_at"": ""2026-09-27T16:26:10.478046Z"", ""created_at"": ""2026-09-27T16:26:07.952004Z""}",[]
03. Xem hồ sơ với customer [200],GET,/api/v1/users/me,200,200,3,True,,"{""id"": 6, ""username"": ""khach01"", ""email"": ""khach01@example.com"", ""full_name"": ""Khách hàng 01"", ""phone"": ""0900000006"", ""role"": ""CUSTOMER"", ""balance"": ""0.00"", ""status"": ""ACTIVE"", ""last_login_at"": ""2026-09-27T16:26:10.548278Z"", ""created_at"": ""2026-09-27T16:26:07.952004Z""}",[]
04. Xem hồ sơ với registered [200],GET,/api/v1/users/me,200,200,3,True,,"{""id"": 8, ""username"": ""kh_muk165nl"", ""email"": null, ""full_name"": ""Khách đăng ký"", ""phone"": null, ""role"": ""CUSTOMER"", ""balance"": ""0.00"", ""status"": ""ACTIVE"", ""last_login_at"": ""2026-09-27T16:26:22.978512Z"", ""created_at"": ""2026-09-27T16:26:22.470888Z""}",[]
05. Xem hồ sơ với None [401],GET,/api/v1/users/me,401,401,1,True,,"{""detail"": ""Not authenticated""}",[]
06. Xem hồ sơ với invalid [401],GET,/api/v1/users/me,401,401,5,True,,"{""detail"": ""Token không hợp lệ""}",[]
07. Xem hồ sơ với admin [200],GET,/api/v1/users/me,200,200,11,True,,"{""id"": 1, ""username"": ""admin"", ""email"": ""admin@example.com"", ""full_name"": ""Quản trị viên"", ""phone"": ""0900000001"", ""role"": ""ADMIN"", ""balance"": ""0.00"", ""status"": ""ACTIVE"", ""last_login_at"": ""2026-09-27T16:26:10.395026Z"", ""created_at"": ""2026-09-27T16:26:07.952004Z""}",[]
08. Xem hồ sơ với sale [200],GET,/api/v1/users/me,200,200,3,True,,"{""id"": 2, ""username"": ""sale01"", ""email"": ""sale01@example.com"", ""full_name"": ""Nhân viên Sale 01"", ""phone"": ""0900000002"", ""role"": ""SALE"", ""balance"": ""0.00"", ""status"": ""ACTIVE"", ""last_login_at"": ""2026-09-27T16:26:10.478046Z"", ""created_at"": ""2026-09-27T16:26:07.952004Z""}",[]
09. Xem hồ sơ với customer [200],GET,/api/v1/users/me,200,200,4,True,,"{""id"": 6, ""username"": ""khach01"", ""email"": ""khach01@example.com"", ""full_name"": ""Khách hàng 01"", ""phone"": ""0900000006"", ""role"": ""CUSTOMER"", ""balance"": ""0.00"", ""status"": ""ACTIVE"", ""last_login_at"": ""2026-09-27T16:26:10.548278Z"", ""created_at"": ""2026-09-27T16:26:07.952004Z""}",[]
10. Xem hồ sơ với registered [200],GET,/api/v1/users/me,200,200,5,True,,"{""id"": 8, ""username"": ""kh_muk165nl"", ""email"": null, ""full_name"": ""Khách đăng ký"", ""phone"": null, ""role"": ""CUSTOMER"", ""balance"": ""0.00"", ""status"": ""ACTIVE"", ""last_login_at"": ""2026-09-27T16:26:22.978512Z"", ""created_at"": ""2026-09-27T16:26:22.470888Z""}",[]
11. Sửa tên [200],PATCH,/api/v1/users/me,200,200,12,True,"{""full_name"": ""Khách đã sửa""}","{""id"": 8, ""username"": ""kh_muk165nl"", ""email"": null, ""full_name"": ""Khách đã sửa"", ""phone"": null, ""role"": ""CUSTOMER"", ""balance"": ""0.00"", ""status"": ""ACTIVE"", ""last_login_at"": ""2026-09-27T16:26:22.978512Z"", ""created_at"": ""2026-09-27T16:26:22.470888Z""}",[]
12. Sửa số điện thoại [200],PATCH,/api/v1/users/me,200,200,8,True,"{""phone"": ""0909999999""}","{""id"": 8, ""username"": ""kh_muk165nl"", ""email"": null, ""full_name"": ""Khách đã sửa"", ""phone"": ""0909999999"", ""role"": ""CUSTOMER"", ""balance"": ""0.00"", ""status"": ""ACTIVE"", ""last_login_at"": ""2026-09-27T16:26:22.978512Z"", ""created_at"": ""2026-09-27T16:26:22.470888Z""}",[]
13. Sửa email [200],PATCH,/api/v1/users/me,200,200,26,True,"{""email"": ""kh_muk165nl@example.com""}","{""id"": 8, ""username"": ""kh_muk165nl"", ""email"": ""kh_muk165nl@example.com"", ""full_name"": ""Khách đã sửa"", ""phone"": ""0909999999"", ""role"": ""CUSTOMER"", ""balance"": ""0.00"", ""status"": ""ACTIVE"", ""last_login_at"": ""2026-09-27T16:26:22.978512Z"", ""created_at"": ""2026-09-27T16:26:22.470888Z""}",[]
14. Không đăng nhập [401],PATCH,/api/v1/users/me,401,401,2,True,"{""full_name"": ""abc""}","{""detail"": ""Not authenticated""}",[]
15. Token hỏng [401],PATCH,/api/v1/users/me,401,401,1,True,{},"{""detail"": ""Token không hợp lệ""}",[]
16. Tên rỗng [422],PATCH,/api/v1/users/me,422,422,8,True,"{""full_name"": """"}","{""detail"": [{""type"": ""string_too_short"", ""loc"": [""body"", ""full_name""], ""msg"": ""String should have at least 1 character"", ""input"": """", ""ctx"": {""min_length"": 1}}]}",[]
17. Email sai [422],PATCH,/api/v1/users/me,422,422,11,True,"{""email"": ""abc""}","{""detail"": [{""type"": ""value_error"", ""loc"": [""body"", ""email""], ""msg"": ""value is not a valid email address: An email address must have an @-sign."", ""input"": ""abc"", ""ctx"": {""reason"": ""An email address must have an @-sign.""}}]}",[]
18. Điện thoại sai [422],PATCH,/api/v1/users/me,422,422,10,True,"{""phone"": ""abc""}","{""detail"": [{""type"": ""string_pattern_mismatch"", ""loc"": [""body"", ""phone""], ""msg"": ""String should match pattern '^\\+?[0-9 .\\-]{8,20}$'"", ""input"": ""abc"", ""ctx"": {""pattern"": ""^\\+?[0-9 .\\-]{8,20}$""}}]}",[]
19. Tên quá dài [422],PATCH,/api/v1/users/me,422,422,5,True,"{""full_name"": ""aaaaaaaaaaaaaaaaaaaaaaaaaaaaaaaaaaaaaaaaaaaaaaaaaaaaaaaaaaaaaaaaaaaaaaaaaaaaaaaaaaaaaaaaaaaaaaaaaaaaaaaaaaaaaaaaaaaaaaaaaaaaaaaaaaaaaaaaaaaaaaaaaaaaaaa""}","{""detail"": [{""type"": ""string_too_long"", ""loc"": [""body"", ""full_name""], ""msg"": ""String should have at most 150 characters"", ""input"": ""aaaaaaaaaaaaaaaaaaaaaaaaaaaaaaaaaaaaaaaaaaaaaaaaaaaaaaaaaaaaaaaaaaaaaaaaaaaaaaaaaaaaaaaaaaaaaaaaaaaaaaaaaaaaaaaaaaaaaaaaaaaaaaaaaaaaaaaaaaaaaaaaaaaaaaa"", ""ctx"": {""max_length"": 150}}]}",[]
20. Bỏ email tùy chọn [200],PATCH,/api/v1/users/me,200,200,9,True,"{""email"": null}","{""id"": 8, ""username"": ""kh_muk165nl"", ""email"": null, ""full_name"": ""Khách đã sửa"", ""phone"": ""0909999999"", ""role"": ""CUSTOMER"", ""balance"": ""0.00"", ""status"": ""ACTIVE"", ""last_login_at"": ""2026-09-27T16:26:22.978512Z"", ""created_at"": ""2026-09-27T16:26:22.470888Z""}",[]
21. Nhập sai mật khẩu cũ [422],POST,/api/v1/users/me/change-password,422,422,64,True,"{""old_password"": ""[REDACTED]"", ""new_password"": ""[REDACTED]""}","{""detail"": ""Mật khẩu hiện tại không đúng""}",[]
22. Mật khẩu mới quá ngắn [422],POST,/api/v1/users/me/change-password,422,422,6,True,"{""old_password"": ""[REDACTED]"", ""new_password"": ""[REDACTED]""}","{""detail"": [{""type"": ""string_too_short"", ""loc"": [""body"", ""new_password""], ""msg"": ""String should have at least 8 characters"", ""input"": ""1"", ""ctx"": {""min_length"": 8}}]}",[]
23. Thiếu mật khẩu mới [422],POST,/api/v1/users/me/change-password,422,422,6,True,"{""old_password"": ""[REDACTED]""}","{""detail"": [{""type"": ""missing"", ""loc"": [""body"", ""new_password""], ""msg"": ""Field required"", ""input"": {""old_password"": ""[REDACTED]""}}]}",[]
24. Thiếu mật khẩu cũ [422],POST,/api/v1/users/me/change-password,422,422,6,True,"{""new_password"": ""[REDACTED]""}","{""detail"": [{""type"": ""missing"", ""loc"": [""body"", ""old_password""], ""msg"": ""Field required"", ""input"": {""new_password"": ""[REDACTED]""}}]}",[]
25. Form trống [422],POST,/api/v1/users/me/change-password,422,422,7,True,{},"{""detail"": [{""type"": ""missing"", ""loc"": [""body"", ""old_password""], ""msg"": ""Field required"", ""input"": {}}, {""type"": ""missing"", ""loc"": [""body"", ""new_password""], ""msg"": ""Field required"", ""input"": {}}]}",[]
26. Không đăng nhập [401],POST,/api/v1/users/me/change-password,401,401,1,True,"{""old_password"": ""[REDACTED]"", ""new_password"": ""[REDACTED]""}","{""detail"": ""Not authenticated""}",[]
27. Token lỗi [401],POST,/api/v1/users/me/change-password,401,401,2,True,"{""old_password"": ""[REDACTED]"", ""new_password"": ""[REDACTED]""}","{""detail"": ""Token không hợp lệ""}",[]
28. Mật khẩu mới null [422],POST,/api/v1/users/me/change-password,422,422,9,True,"{""old_password"": ""[REDACTED]"", ""new_password"": ""[REDACTED]""}","{""detail"": [{""type"": ""string_type"", ""loc"": [""body"", ""new_password""], ""msg"": ""Input should be a valid string"", ""input"": null}]}",[]
29. Mật khẩu mới quá dài [422],POST,/api/v1/users/me/change-password,422,422,7,True,"{""old_password"": ""[REDACTED]"", ""new_password"": ""[REDACTED]""}","{""detail"": [{""type"": ""string_too_long"", ""loc"": [""body"", ""new_password""], ""msg"": ""String should have at most 128 characters"", ""input"": ""xxxxxxxxxxxxxxxxxxxxxxxxxxxxxxxxxxxxxxxxxxxxxxxxxxxxxxxxxxxxxxxxxxxxxxxxxxxxxxxxxxxxxxxxxxxxxxxxxxxxxxxxxxxxxxxxxxxxxxxxxxxxxxxxx"", ""ctx"": {""max_length"": 128}}]}",[]
30. Đổi mật khẩu hợp lệ [204],POST,/api/v1/users/me/change-password,204,204,109,True,"{""old_password"": ""[REDACTED]"", ""new_password"": ""[REDACTED]""}",,[]
01. Tạo nhân viên hợp lệ [201],POST,/api/v1/users,201,201,55,True,"{""username"": ""staff_muk165nl"", ""password"": ""[REDACTED]"", ""full_name"": ""Nhân viên mới"", ""role"": ""SALE""}","{""id"": 9, ""username"": ""staff_muk165nl"", ""email"": null, ""full_name"": ""Nhân viên mới"", ""phone"": null, ""role"": ""SALE"", ""balance"": ""0"", ""status"": ""ACTIVE"", ""last_login_at"": null, ""created_at"": ""2026-09-27T16:26:23.912562Z""}",[]
02. Tạo trùng nhân viên [409],POST,/api/v1/users,409,409,8,True,"{""username"": ""staff_muk165nl"", ""password"": ""[REDACTED]"", ""full_name"": ""Nhân viên mới"", ""role"": ""SALE""}","{""detail"": ""Tên đăng nhập đã tồn tại""}",[]
03. Sale tự tạo nhân viên [403],POST,/api/v1/users,403,403,7,True,"{""username"": ""staff_muk165nl"", ""password"": ""[REDACTED]"", ""full_name"": ""Nhân viên mới"", ""role"": ""SALE""}","{""detail"": ""Bạn không có quyền thực hiện thao tác này""}",[]
04. Quên token [401],POST,/api/v1/users,401,401,1,True,"{""username"": ""staff_muk165nl"", ""password"": ""[REDACTED]"", ""full_name"": ""Nhân viên mới"", ""role"": ""SALE""}","{""detail"": ""Not authenticated""}",[]
05. Form trống [422],POST,/api/v1/users,422,422,8,True,{},"{""detail"": [{""type"": ""missing"", ""loc"": [""body"", ""username""], ""msg"": ""Field required"", ""input"": {}}, {""type"": ""missing"", ""loc"": [""body"", ""password""], ""msg"": ""Field required"", ""input"": {}}, {""type"": ""missing"", ""loc"": [""body"", ""full_name""], ""msg"": ""Field required"", ""input"": {}}, {""type"": ""missing"", ""loc"": [""body"", ""role""], ""msg"": ""Field required"", ""input"": {}}]}",[]
06. Vai trò không có [422],POST,/api/v1/users,422,422,6,True,"{""username"": ""staff_muk165nl"", ""password"": ""[REDACTED]"", ""full_name"": ""Nhân viên mới"", ""role"": ""SUPERADMIN""}","{""detail"": [{""type"": ""enum"", ""loc"": [""body"", ""role""], ""msg"": ""Input should be 'ADMIN', 'SALE', 'PURCHASER', 'WAREHOUSE', 'ACCOUNTANT' or 'CUSTOMER'"", ""input"": ""SUPERADMIN"", ""ctx"": {""expected"": ""'ADMIN', 'SALE', 'PURCHASER', 'WAREHOUSE', 'ACCOUNTANT' or 'CUSTOMER'""}}]}",[]
07. Username sai [422],POST,/api/v1/users,422,422,6,True,"{""username"": ""!@#"", ""password"": ""[REDACTED]"", ""full_name"": ""Nhân viên mới"", ""role"": ""SALE""}","{""detail"": [{""type"": ""string_pattern_mismatch"", ""loc"": [""body"", ""username""], ""msg"": ""String should match pattern '^[a-zA-Z0-9_.]{3,50}$'"", ""input"": ""!@#"", ""ctx"": {""pattern"": ""^[a-zA-Z0-9_.]{3,50}$""}}]}",[]
08. Mật khẩu ngắn [422],POST,/api/v1/users,422,422,6,True,"{""username"": ""staff_muk165nl"", ""password"": ""[REDACTED]"", ""full_name"": ""Nhân viên mới"", ""role"": ""SALE""}","{""detail"": [{""type"": ""string_too_short"", ""loc"": [""body"", ""password""], ""msg"": ""String should have at least 8 characters"", ""input"": ""12"", ""ctx"": {""min_length"": 8}}]}",[]
09. Email sai [422],POST,/api/v1/users,422,422,14,True,"{""username"": ""staff_muk165nl"", ""password"": ""[REDACTED]"", ""full_name"": ""Nhân viên mới"", ""role"": ""SALE"", ""email"": ""x""}","{""detail"": [{""type"": ""value_error"", ""loc"": [""body"", ""email""], ""msg"": ""value is not a valid email address: An email address must have an @-sign."", ""input"": ""x"", ""ctx"": {""reason"": ""An email address must have an @-sign.""}}]}",[]
10. Họ tên trống [422],POST,/api/v1/users,422,422,7,True,"{""username"": ""staff_muk165nl"", ""password"": ""[REDACTED]"", ""full_name"": """", ""role"": ""SALE""}","{""detail"": [{""type"": ""string_too_short"", ""loc"": [""body"", ""full_name""], ""msg"": ""String should have at least 1 character"", ""input"": """", ""ctx"": {""min_length"": 1}}]}",[]
11. Xem danh sách [200],GET,/api/v1/users,200,200,10,True,,"{""items"": [{""id"": 1, ""username"": ""admin"", ""email"": ""admin@example.com"", ""full_name"": ""Quản trị viên"", ""phone"": ""0900000001"", ""role"": ""ADMIN"", ""balance"": ""0.00"", ""status"": ""ACTIVE"", ""last_login_at"": ""2026-09-27T16:26:10.395026Z"", ""created_at"": ""2026-09-27T16:26:07.952004Z""}, {""id"": 2, ""username"": ""sale01"", ""email"": ""sale01@example.com"", ""full_name"": ""Nhân viên Sale 01"", ""phone"": ""0900000002"", ""role"": ""SALE"", ""balance"": ""0.00"", ""status"": ""ACTIVE"", ""last_login_at"": ""2026-09-27T16:26:10.478046Z"", ""created_at"": ""2026-09-27T16:26:07.952004Z""}, {""id"": 3, ""username"": ""kho01"", ""email"": ""kho01@example.com"", ""full_name"": ""Nhân viên Kho 01"", ""phone"": ""0900000003"", ""role"": ""WAREHOUSE"", ""balance"": ""0.00"", ""status"": ""ACTIVE"", ""last_login_at"": null, ""created_at"": ""2026-09-27T16:26:07.952004Z""}, {""id"": 4, ""username"": ""ketoan01"", ""email"": ""ketoan01@example.com"", ""full_name"": ""Kế toán 01"", ""phone"": ""0900000004"", ""role"": ""ACCOUNTANT"", ""balance"": ""0.00"", ""status"": ""ACTIVE"", ""last_login_at"": null, ""created_at"": ""2026-09-27T16:26:07.952004Z""}, {""id"": 5, ""username"": ""muahang01"", ""email"": ""muahang01@example.com"", ""full_name"": ""Nhân viên Đặt hàng 01"", ""phone"": ""0900000005"", ""role"": ""PURCHASER"", ""balance"": ""0.00"", ""status"": ""ACTIVE"", ""last_login_at"": null, ""created_at"": ""2026-09-27T16:26:07.952004Z""}, {""id"": 6, ""username"": ""khach01"", ""email"": ""khach01@example.com"", ""full_name"": ""Khách hàng 01"", ""phone"": ""0900000006"", ""role"": ""CUSTOMER"", ""balance"": ""0.00"", ""status"": ""ACTIVE"", ""last_login_at"": ""2026-09-27T16:26:10.548278Z"", ""created_at"": ""2026-09-27T16:26:07.952004Z""}, {""id"": 8, ""username"": ""kh_muk165nl"", ""email"": null, ""full_name"": ""Khách đã sửa"", ""phone"": ""0909999999"", ""role"": ""CUSTOMER"", ""balance"": ""0.00"", ""status"": ""ACTIVE"", ""last_login_at"": ""2026-09-27T16:26:22.978512Z"", ""created_at"": ""2026-09-27T16:26:22.470888Z""}, {""id"": 9, ""username"": ""staff_muk165nl"", ""email"": null, ""full_name"": ""Nhân viên mới"", ""phone"": null, ""role"": ""SALE"", ""balance"": ""0.00"", ""status"": ""ACTIVE"", ""last_login_at"": null, ""created_at"": ""2026-09-27T16:26:23.912562Z""}], ""total"": 8, ""offset"": 0, ""limit"": 20}",[]
12. Sale xem toàn bộ [403],GET,/api/v1/users,403,403,5,True,,"{""detail"": ""Bạn không có quyền thực hiện thao tác này""}",[]
13. Khách xem toàn bộ [403],GET,/api/v1/users,403,403,6,True,,"{""detail"": ""Bạn không có quyền thực hiện thao tác này""}",[]
14. Không đăng nhập [401],GET,/api/v1/users,401,401,1,True,,"{""detail"": ""Not authenticated""}",[]
15. Token lỗi [401],GET,/api/v1/users,401,401,1,True,,"{""detail"": ""Token không hợp lệ""}",[]
16. Số dòng bằng 0 [422],GET,/api/v1/users,422,422,15,True,,"{""detail"": [{""type"": ""greater_than_equal"", ""loc"": [""query"", ""limit""], ""msg"": ""Input should be greater than or equal to 1"", ""input"": ""0"", ""ctx"": {""ge"": 1}}]}",[]
17. Số dòng quá lớn [422],GET,/api/v1/users,422,422,4,True,,"{""detail"": [{""type"": ""less_than_equal"", ""loc"": [""query"", ""limit""], ""msg"": ""Input should be less than or equal to 100"", ""input"": ""101"", ""ctx"": {""le"": 100}}]}",[]
18. Offset âm [422],GET,/api/v1/users,422,422,4,True,,"{""detail"": [{""type"": ""greater_than_equal"", ""loc"": [""query"", ""offset""], ""msg"": ""Input should be greater than or equal to 0"", ""input"": ""-1"", ""ctx"": {""ge"": 0}}]}",[]
19. Role sai [422],GET,/api/v1/users,422,422,6,True,,"{""detail"": [{""type"": ""enum"", ""loc"": [""query"", ""role""], ""msg"": ""Input should be 'ADMIN', 'SALE', 'PURCHASER', 'WAREHOUSE', 'ACCOUNTANT' or 'CUSTOMER'"", ""input"": ""WRONG"", ""ctx"": {""expected"": ""'ADMIN', 'SALE', 'PURCHASER', 'WAREHOUSE', 'ACCOUNTANT' or 'CUSTOMER'""}}]}",[]
20. Lọc đúng vai trò [200],GET,/api/v1/users,200,200,11,True,,"{""items"": [{""id"": 2, ""username"": ""sale01"", ""email"": ""sale01@example.com"", ""full_name"": ""Nhân viên Sale 01"", ""phone"": ""0900000002"", ""role"": ""SALE"", ""balance"": ""0.00"", ""status"": ""ACTIVE"", ""last_login_at"": ""2026-09-27T16:26:10.478046Z"", ""created_at"": ""2026-09-27T16:26:07.952004Z""}, {""id"": 9, ""username"": ""staff_muk165nl"", ""email"": null, ""full_name"": ""Nhân viên mới"", ""phone"": null, ""role"": ""SALE"", ""balance"": ""0.00"", ""status"": ""ACTIVE"", ""last_login_at"": null, ""created_at"": ""2026-09-27T16:26:23.912562Z""}], ""total"": 2, ""offset"": 0, ""limit"": 20}",[]
21. Sửa tên nhân viên [200],PATCH,/api/v1/users/9,200,200,20,True,"{""full_name"": ""Nhân viên sửa""}","{""id"": 9, ""username"": ""staff_muk165nl"", ""email"": null, ""full_name"": ""Nhân viên sửa"", ""phone"": null, ""role"": ""SALE"", ""balance"": ""0.00"", ""status"": ""ACTIVE"", ""last_login_at"": null, ""created_at"": ""2026-09-27T16:26:23.912562Z""}",[]
22. Đổi vai trò [200],PATCH,/api/v1/users/9,200,200,13,True,"{""role"": ""WAREHOUSE""}","{""id"": 9, ""username"": ""staff_muk165nl"", ""email"": null, ""full_name"": ""Nhân viên sửa"", ""phone"": null, ""role"": ""WAREHOUSE"", ""balance"": ""0.00"", ""status"": ""ACTIVE"", ""last_login_at"": null, ""created_at"": ""2026-09-27T16:26:23.912562Z""}",[]
23. Khóa tài khoản [200],PATCH,/api/v1/users/9,200,200,14,True,"{""status"": ""LOCKED""}","{""id"": 9, ""username"": ""staff_muk165nl"", ""email"": null, ""full_name"": ""Nhân viên sửa"", ""phone"": null, ""role"": ""WAREHOUSE"", ""balance"": ""0.00"", ""status"": ""LOCKED"", ""last_login_at"": null, ""created_at"": ""2026-09-27T16:26:23.912562Z""}",[]
24. ID không tồn tại [404],PATCH,/api/v1/users/9223372036854775806,404,404,6,True,{},"{""detail"": ""Không tìm thấy người dùng""}",[]
25. ID dạng chữ [422],PATCH,/api/v1/users/abc,422,422,6,True,{},"{""detail"": [{""type"": ""int_parsing"", ""loc"": [""path"", ""user_id""], ""msg"": ""Input should be a valid integer, unable to parse string as an integer"", ""input"": ""abc""}]}",[]
26. Sale sửa tài khoản [403],PATCH,/api/v1/users/9,403,403,7,True,{},"{""detail"": ""Bạn không có quyền thực hiện thao tác này""}",[]
27. Không token [401],PATCH,/api/v1/users/9,401,401,1,True,{},"{""detail"": ""Not authenticated""}",[]
28. Role không hợp lệ [422],PATCH,/api/v1/users/9,422,422,8,True,"{""role"": ""WRONG""}","{""detail"": [{""type"": ""enum"", ""loc"": [""body"", ""role""], ""msg"": ""Input should be 'ADMIN', 'SALE', 'PURCHASER', 'WAREHOUSE', 'ACCOUNTANT' or 'CUSTOMER'"", ""input"": ""WRONG"", ""ctx"": {""expected"": ""'ADMIN', 'SALE', 'PURCHASER', 'WAREHOUSE', 'ACCOUNTANT' or 'CUSTOMER'""}}]}",[]
29. Status không hợp lệ [422],PATCH,/api/v1/users/9,422,422,13,True,"{""status"": ""WRONG""}","{""detail"": [{""type"": ""enum"", ""loc"": [""body"", ""status""], ""msg"": ""Input should be 'ACTIVE', 'INACTIVE' or 'LOCKED'"", ""input"": ""WRONG"", ""ctx"": {""expected"": ""'ACTIVE', 'INACTIVE' or 'LOCKED'""}}]}",[]
30. Mở khóa [200],PATCH,/api/v1/users/9,200,200,13,True,"{""status"": ""ACTIVE""}","{""id"": 9, ""username"": ""staff_muk165nl"", ""email"": null, ""full_name"": ""Nhân viên sửa"", ""phone"": null, ""role"": ""WAREHOUSE"", ""balance"": ""0.00"", ""status"": ""ACTIVE"", ""last_login_at"": null, ""created_at"": ""2026-09-27T16:26:23.912562Z""}",[]
01. Cập nhật hợp lệ [201],POST,/api/v1/exchange-rates,201,201,13,True,"{""currency_code"": ""CNY"", ""rate"": ""3921.1234"", ""note"": ""Kiểm thử muk165nl""}","{""id"": 4, ""currency_code"": ""CNY"", ""rate"": ""3921.1234"", ""note"": ""Kiểm thử muk165nl"", ""created_by"": 1, ""created_at"": ""2026-09-27T16:26:24.469885Z""}",[]
02. Tỷ giá mới tiếp theo [201],POST,/api/v1/exchange-rates,201,201,9,True,"{""currency_code"": ""CNY"", ""rate"": ""3922.0000"", ""note"": ""Kiểm thử muk165nl""}","{""id"": 5, ""currency_code"": ""CNY"", ""rate"": ""3922.0000"", ""note"": ""Kiểm thử muk165nl"", ""created_by"": 1, ""created_at"": ""2026-09-27T16:26:24.491439Z""}",[]
03. Sale cập nhật [403],POST,/api/v1/exchange-rates,403,403,5,True,"{""currency_code"": ""CNY"", ""rate"": ""3921.1234"", ""note"": ""Kiểm thử muk165nl""}","{""detail"": ""Bạn không có quyền thực hiện thao tác này""}",[]
04. Quên token [401],POST,/api/v1/exchange-rates,401,401,1,True,"{""currency_code"": ""CNY"", ""rate"": ""3921.1234"", ""note"": ""Kiểm thử muk165nl""}","{""detail"": ""Not authenticated""}",[]
05. Token giả [401],POST,/api/v1/exchange-rates,401,401,2,True,"{""currency_code"": ""CNY"", ""rate"": ""3921.1234"", ""note"": ""Kiểm thử muk165nl""}","{""detail"": ""Token không hợp lệ""}",[]
06. Tỷ giá âm [422],POST,/api/v1/exchange-rates,422,422,5,True,"{""currency_code"": ""CNY"", ""rate"": ""-1"", ""note"": ""Kiểm thử muk165nl""}","{""detail"": [{""type"": ""greater_than"", ""loc"": [""body"", ""rate""], ""msg"": ""Input should be greater than 0"", ""input"": ""-1"", ""ctx"": {""gt"": 0}}]}",[]
07. Tỷ giá bằng 0 [422],POST,/api/v1/exchange-rates,422,422,5,True,"{""currency_code"": ""CNY"", ""rate"": ""0"", ""note"": ""Kiểm thử muk165nl""}","{""detail"": [{""type"": ""greater_than"", ""loc"": [""body"", ""rate""], ""msg"": ""Input should be greater than 0"", ""input"": ""0"", ""ctx"": {""gt"": 0}}]}",[]
08. Mã tiền không hỗ trợ [422],POST,/api/v1/exchange-rates,422,422,7,True,"{""currency_code"": ""EUR"", ""rate"": ""3921.1234"", ""note"": ""Kiểm thử muk165nl""}","{""detail"": [{""type"": ""enum"", ""loc"": [""body"", ""currency_code""], ""msg"": ""Input should be 'CNY' or 'USD'"", ""input"": ""EUR"", ""ctx"": {""expected"": ""'CNY' or 'USD'""}}]}",[]
09. Tỷ giá không phải số [422],POST,/api/v1/exchange-rates,422,422,9,True,"{""currency_code"": ""CNY"", ""rate"": ""abc"", ""note"": ""Kiểm thử muk165nl""}","{""detail"": [{""type"": ""decimal_parsing"", ""loc"": [""body"", ""rate""], ""msg"": ""Input should be a valid decimal"", ""input"": ""abc""}]}",[]
10. Thiếu tỷ giá [422],POST,/api/v1/exchange-rates,422,422,7,True,"{""currency_code"": ""CNY""}","{""detail"": [{""type"": ""missing"", ""loc"": [""body"", ""rate""], ""msg"": ""Field required"", ""input"": {""currency_code"": ""CNY""}}]}",[]
11. Xem lịch sử [200],GET,/api/v1/exchange-rates/history,200,200,11,True,,"{""items"": [{""id"": 5, ""currency_code"": ""CNY"", ""rate"": ""3922.0000"", ""note"": ""Kiểm thử muk165nl"", ""created_by"": 1, ""created_at"": ""2026-09-27T16:26:24.491439Z""}, {""id"": 4, ""currency_code"": ""CNY"", ""rate"": ""3921.1234"", ""note"": ""Kiểm thử muk165nl"", ""created_by"": 1, ""created_at"": ""2026-09-27T16:26:24.469885Z""}, {""id"": 2, ""currency_code"": ""USD"", ""rate"": ""26500.0000"", ""note"": ""Tỷ giá khởi tạo (seed)"", ""created_by"": null, ""created_at"": ""2026-09-27T16:26:07.946394Z""}, {""id"": 1, ""currency_code"": ""CNY"", ""rate"": ""3920.0000"", ""note"": ""Tỷ giá khởi tạo (seed)"", ""created_by"": null, ""created_at"": ""2026-09-27T16:26:07.946394Z""}], ""total"": 4, ""offset"": 0, ""limit"": 20}",[]
12. Lọc CNY [200],GET,/api/v1/exchange-rates/history,200,200,9,True,,"{""items"": [{""id"": 5, ""currency_code"": ""CNY"", ""rate"": ""3922.0000"", ""note"": ""Kiểm thử muk165nl"", ""created_by"": 1, ""created_at"": ""2026-09-27T16:26:24.491439Z""}, {""id"": 4, ""currency_code"": ""CNY"", ""rate"": ""3921.1234"", ""note"": ""Kiểm thử muk165nl"", ""created_by"": 1, ""created_at"": ""2026-09-27T16:26:24.469885Z""}, {""id"": 1, ""currency_code"": ""CNY"", ""rate"": ""3920.0000"", ""note"": ""Tỷ giá khởi tạo (seed)"", ""created_by"": null, ""created_at"": ""2026-09-27T16:26:07.946394Z""}], ""total"": 3, ""offset"": 0, ""limit"": 20}",[]
13. Lọc USD [200],GET,/api/v1/exchange-rates/history,200,200,7,True,,"{""items"": [{""id"": 2, ""currency_code"": ""USD"", ""rate"": ""26500.0000"", ""note"": ""Tỷ giá khởi tạo (seed)"", ""created_by"": null, ""created_at"": ""2026-09-27T16:26:07.946394Z""}], ""total"": 1, ""offset"": 0, ""limit"": 20}",[]
14. Tiền tệ sai [422],GET,/api/v1/exchange-rates/history,422,422,8,True,,"{""detail"": [{""type"": ""enum"", ""loc"": [""query"", ""currency_code""], ""msg"": ""Input should be 'CNY' or 'USD'"", ""input"": ""EUR"", ""ctx"": {""expected"": ""'CNY' or 'USD'""}}]}",[]
15. Limit bằng 0 [422],GET,/api/v1/exchange-rates/history,422,422,6,True,,"{""detail"": [{""type"": ""greater_than_equal"", ""loc"": [""query"", ""limit""], ""msg"": ""Input should be greater than or equal to 1"", ""input"": ""0"", ""ctx"": {""ge"": 1}}]}",[]
16. Limit quá lớn [422],GET,/api/v1/exchange-rates/history,422,422,6,True,,"{""detail"": [{""type"": ""less_than_equal"", ""loc"": [""query"", ""limit""], ""msg"": ""Input should be less than or equal to 100"", ""input"": ""101"", ""ctx"": {""le"": 100}}]}",[]
17. Offset âm [422],GET,/api/v1/exchange-rates/history,422,422,8,True,,"{""detail"": [{""type"": ""greater_than_equal"", ""loc"": [""query"", ""offset""], ""msg"": ""Input should be greater than or equal to 0"", ""input"": ""-1"", ""ctx"": {""ge"": 0}}]}",[]
18. Limit dạng chữ [422],GET,/api/v1/exchange-rates/history,422,422,6,True,,"{""detail"": [{""type"": ""int_parsing"", ""loc"": [""query"", ""limit""], ""msg"": ""Input should be a valid integer, unable to parse string as an integer"", ""input"": ""abc""}]}",[]
19. Quên token [401],GET,/api/v1/exchange-rates/history,401,401,1,True,,"{""detail"": ""Not authenticated""}",[]
20. Token lỗi [401],GET,/api/v1/exchange-rates/history,401,401,2,True,,"{""detail"": ""Token không hợp lệ""}",[]
21. Tra cứu mã CNY / admin [200],GET,/api/v1/exchange-rates/current/CNY,200,200,7,True,,"{""id"": 5, ""currency_code"": ""CNY"", ""rate"": ""3922.0000"", ""note"": ""Kiểm thử muk165nl"", ""created_by"": 1, ""created_at"": ""2026-09-27T16:26:24.491439Z""}",[]
22. Tra cứu mã USD / admin [200],GET,/api/v1/exchange-rates/current/USD,200,200,7,True,,"{""id"": 2, ""currency_code"": ""USD"", ""rate"": ""26500.0000"", ""note"": ""Tỷ giá khởi tạo (seed)"", ""created_by"": null, ""created_at"": ""2026-09-27T16:26:07.946394Z""}",[]
23. Tra cứu mã CNY / customer [200],GET,/api/v1/exchange-rates/current/CNY,200,200,6,True,,"{""id"": 5, ""currency_code"": ""CNY"", ""rate"": ""3922.0000"", ""note"": ""Kiểm thử muk165nl"", ""created_by"": 1, ""created_at"": ""2026-09-27T16:26:24.491439Z""}",[]
24. Tra cứu mã USD / sale [200],GET,/api/v1/exchange-rates/current/USD,200,200,6,True,,"{""id"": 2, ""currency_code"": ""USD"", ""rate"": ""26500.0000"", ""note"": ""Tỷ giá khởi tạo (seed)"", ""created_by"": null, ""created_at"": ""2026-09-27T16:26:07.946394Z""}",[]
25. Tra cứu mã EUR / admin [422],GET,/api/v1/exchange-rates/current/EUR,422,422,8,True,,"{""detail"": [{""type"": ""enum"", ""loc"": [""path"", ""currency_code""], ""msg"": ""Input should be 'CNY' or 'USD'"", ""input"": ""EUR"", ""ctx"": {""expected"": ""'CNY' or 'USD'""}}]}",[]
26. Tra cứu mã VND / admin [422],GET,/api/v1/exchange-rates/current/VND,422,422,6,True,,"{""detail"": [{""type"": ""enum"", ""loc"": [""path"", ""currency_code""], ""msg"": ""Input should be 'CNY' or 'USD'"", ""input"": ""VND"", ""ctx"": {""expected"": ""'CNY' or 'USD'""}}]}",[]
27. Tra cứu mã cny / admin [422],GET,/api/v1/exchange-rates/current/cny,422,422,6,True,,"{""detail"": [{""type"": ""enum"", ""loc"": [""path"", ""currency_code""], ""msg"": ""Input should be 'CNY' or 'USD'"", ""input"": ""cny"", ""ctx"": {""expected"": ""'CNY' or 'USD'""}}]}",[]
28. Tra cứu mã abc / admin [422],GET,/api/v1/exchange-rates/current/abc,422,422,7,True,,"{""detail"": [{""type"": ""enum"", ""loc"": [""path"", ""currency_code""], ""msg"": ""Input should be 'CNY' or 'USD'"", ""input"": ""abc"", ""ctx"": {""expected"": ""'CNY' or 'USD'""}}]}",[]
29. Tra cứu mã CNY / None [401],GET,/api/v1/exchange-rates/current/CNY,401,401,1,True,,"{""detail"": ""Not authenticated""}",[]
30. Tra cứu mã CNY / invalid [401],GET,/api/v1/exchange-rates/current/CNY,401,401,2,True,,"{""detail"": ""Token không hợp lệ""}",[]
31. Xem tỷ giá hiện hành / admin [200],GET,/api/v1/exchange-rates/current,200,200,9,True,,"[{""id"": 5, ""currency_code"": ""CNY"", ""rate"": ""3922.0000"", ""note"": ""Kiểm thử muk165nl"", ""created_by"": 1, ""created_at"": ""2026-09-27T16:26:24.491439Z""}, {""id"": 2, ""currency_code"": ""USD"", ""rate"": ""26500.0000"", ""note"": ""Tỷ giá khởi tạo (seed)"", ""created_by"": null, ""created_at"": ""2026-09-27T16:26:07.946394Z""}]",[]
32. Xem tỷ giá hiện hành / sale [200],GET,/api/v1/exchange-rates/current,200,200,8,True,,"[{""id"": 5, ""currency_code"": ""CNY"", ""rate"": ""3922.0000"", ""note"": ""Kiểm thử muk165nl"", ""created_by"": 1, ""created_at"": ""2026-09-27T16:26:24.491439Z""}, {""id"": 2, ""currency_code"": ""USD"", ""rate"": ""26500.0000"", ""note"": ""Tỷ giá khởi tạo (seed)"", ""created_by"": null, ""created_at"": ""2026-09-27T16:26:07.946394Z""}]",[]
33. Xem tỷ giá hiện hành / customer [200],GET,/api/v1/exchange-rates/current,200,200,9,True,,"[{""id"": 5, ""currency_code"": ""CNY"", ""rate"": ""3922.0000"", ""note"": ""Kiểm thử muk165nl"", ""created_by"": 1, ""created_at"": ""2026-09-27T16:26:24.491439Z""}, {""id"": 2, ""currency_code"": ""USD"", ""rate"": ""26500.0000"", ""note"": ""Tỷ giá khởi tạo (seed)"", ""created_by"": null, ""created_at"": ""2026-09-27T16:26:07.946394Z""}]",[]
34. Xem tỷ giá hiện hành / registered [200],GET,/api/v1/exchange-rates/current,200,200,11,True,,"[{""id"": 5, ""currency_code"": ""CNY"", ""rate"": ""3922.0000"", ""note"": ""Kiểm thử muk165nl"", ""created_by"": 1, ""created_at"": ""2026-09-27T16:26:24.491439Z""}, {""id"": 2, ""currency_code"": ""USD"", ""rate"": ""26500.0000"", ""note"": ""Tỷ giá khởi tạo (seed)"", ""created_by"": null, ""created_at"": ""2026-09-27T16:26:07.946394Z""}]",[]
35. Xem tỷ giá hiện hành / None [401],GET,/api/v1/exchange-rates/current,401,401,1,True,,"{""detail"": ""Not authenticated""}",[]
36. Xem tỷ giá hiện hành / invalid [401],GET,/api/v1/exchange-rates/current,401,401,2,True,,"{""detail"": ""Token không hợp lệ""}",[]
37. Xem tỷ giá hiện hành / admin [200],GET,/api/v1/exchange-rates/current,200,200,6,True,,"[{""id"": 5, ""currency_code"": ""CNY"", ""rate"": ""3922.0000"", ""note"": ""Kiểm thử muk165nl"", ""created_by"": 1, ""created_at"": ""2026-09-27T16:26:24.491439Z""}, {""id"": 2, ""currency_code"": ""USD"", ""rate"": ""26500.0000"", ""note"": ""Tỷ giá khởi tạo (seed)"", ""created_by"": null, ""created_at"": ""2026-09-27T16:26:07.946394Z""}]",[]
38. Xem tỷ giá hiện hành / sale [200],GET,/api/v1/exchange-rates/current,200,200,6,True,,"[{""id"": 5, ""currency_code"": ""CNY"", ""rate"": ""3922.0000"", ""note"": ""Kiểm thử muk165nl"", ""created_by"": 1, ""created_at"": ""2026-09-27T16:26:24.491439Z""}, {""id"": 2, ""currency_code"": ""USD"", ""rate"": ""26500.0000"", ""note"": ""Tỷ giá khởi tạo (seed)"", ""created_by"": null, ""created_at"": ""2026-09-27T16:26:07.946394Z""}]",[]
39. Xem tỷ giá hiện hành / customer [200],GET,/api/v1/exchange-rates/current,200,200,7,True,,"[{""id"": 5, ""currency_code"": ""CNY"", ""rate"": ""3922.0000"", ""note"": ""Kiểm thử muk165nl"", ""created_by"": 1, ""created_at"": ""2026-09-27T16:26:24.491439Z""}, {""id"": 2, ""currency_code"": ""USD"", ""rate"": ""26500.0000"", ""note"": ""Tỷ giá khởi tạo (seed)"", ""created_by"": null, ""created_at"": ""2026-09-27T16:26:07.946394Z""}]",[]
40. Xem tỷ giá hiện hành / registered [200],GET,/api/v1/exchange-rates/current,200,200,6,True,,"[{""id"": 5, ""currency_code"": ""CNY"", ""rate"": ""3922.0000"", ""note"": ""Kiểm thử muk165nl"", ""created_by"": 1, ""created_at"": ""2026-09-27T16:26:24.491439Z""}, {""id"": 2, ""currency_code"": ""USD"", ""rate"": ""26500.0000"", ""note"": ""Tỷ giá khởi tạo (seed)"", ""created_by"": null, ""created_at"": ""2026-09-27T16:26:07.946394Z""}]",[]
01. Tạo biểu phí [201],POST,/api/v1/fee-configs,201,201,13,True,"{""fee_type"": ""TEST_FEE"", ""value"": ""5"", ""unit"": ""PERCENT""}","{""id"": 16, ""fee_type"": ""TEST_FEE"", ""description"": null, ""value"": ""5"", ""unit"": ""PERCENT"", ""tier_min"": null, ""tier_max"": null, ""effective_date"": ""2026-09-27"", ""is_active"": true, ""created_at"": ""2026-09-27T16:26:25.113630Z"", ""updated_at"": ""2026-09-27T16:26:25.113631Z""}",[]
02. Tỷ lệ trên 100 [422],POST,/api/v1/fee-configs,422,422,6,True,"{""fee_type"": ""TEST_FEE"", ""value"": ""101"", ""unit"": ""PERCENT""}","{""detail"": ""Phí theo % không được vượt quá 100""}",[]
03. Phí âm [422],POST,/api/v1/fee-configs,422,422,5,True,"{""fee_type"": ""TEST_FEE"", ""value"": ""-1"", ""unit"": ""PERCENT""}","{""detail"": [{""type"": ""greater_than_equal"", ""loc"": [""body"", ""value""], ""msg"": ""Input should be greater than or equal to 0"", ""input"": ""-1"", ""ctx"": {""ge"": 0}}]}",[]
04. Đơn vị sai [422],POST,/api/v1/fee-configs,422,422,7,True,"{""fee_type"": ""TEST_FEE"", ""value"": ""5"", ""unit"": ""USD""}","{""detail"": [{""type"": ""enum"", ""loc"": [""body"", ""unit""], ""msg"": ""Input should be 'PERCENT', 'VND', 'VND_PER_KG', 'VND_PER_M3', 'VND_PER_ITEM' or 'VND_PER_PACKAGE'"", ""input"": ""USD"", ""ctx"": {""expected"": ""'PERCENT', 'VND', 'VND_PER_KG', 'VND_PER_M3', 'VND_PER_ITEM' or 'VND_PER_PACKAGE'""}}]}",[]
05. Loại phí sai [422],POST,/api/v1/fee-configs,422,422,15,True,"{""fee_type"": ""abc"", ""value"": ""5"", ""unit"": ""PERCENT""}","{""detail"": [{""type"": ""string_pattern_mismatch"", ""loc"": [""body"", ""fee_type""], ""msg"": ""String should match pattern '^[A-Z][A-Z0-9_]{1,49}$'"", ""input"": ""abc"", ""ctx"": {""pattern"": ""^[A-Z][A-Z0-9_]{1,49}$""}}]}",[]
06. Bậc thang ngược [422],POST,/api/v1/fee-configs,422,422,5,True,"{""fee_type"": ""TEST_FEE"", ""value"": ""5"", ""unit"": ""PERCENT"", ""tier_min"": ""100"", ""tier_max"": ""10""}","{""detail"": ""tier_max phải lớn hơn tier_min""}",[]
07. Thiếu giá trị [422],POST,/api/v1/fee-configs,422,422,5,True,"{""fee_type"": ""TEST_FEE"", ""unit"": ""PERCENT""}","{""detail"": [{""type"": ""missing"", ""loc"": [""body"", ""value""], ""msg"": ""Field required"", ""input"": {""fee_type"": ""TEST_FEE"", ""unit"": ""PERCENT""}}]}",[]
08. Sale thêm phí [403],POST,/api/v1/fee-configs,403,403,8,True,"{""fee_type"": ""TEST_FEE"", ""value"": ""5"", ""unit"": ""PERCENT""}","{""detail"": ""Bạn không có quyền thực hiện thao tác này""}",[]
09. Không token [401],POST,/api/v1/fee-configs,401,401,1,True,"{""fee_type"": ""TEST_FEE"", ""value"": ""5"", ""unit"": ""PERCENT""}","{""detail"": ""Not authenticated""}",[]
10. Token sai [401],POST,/api/v1/fee-configs,401,401,2,True,"{""fee_type"": ""TEST_FEE"", ""value"": ""5"", ""unit"": ""PERCENT""}","{""detail"": ""Token không hợp lệ""}",[]
11. Xem toàn bộ [200],GET,/api/v1/fee-configs,200,200,12,True,,"[{""id"": 8, ""fee_type"": ""INSPECTION_FEE"", ""description"": ""Kiểm đếm cơ bản"", ""value"": ""1000.0000"", ""unit"": ""VND_PER_ITEM"", ""tier_min"": null, ""tier_max"": null, ""effective_date"": ""2026-09-27"", ""is_active"": true, ""created_at"": ""2026-09-27T16:26:07.948810Z"", ""updated_at"": ""2026-09-27T16:26:07.948810Z""}, {""id"": 4, ""fee_type"": ""INTL_SHIPPING_FEE"", ""description"": ""Dưới 100 kg"", ""value"": ""25000.0000"", ""unit"": ""VND_PER_KG"", ""tier_min"": ""0.0000"", ""tier_max"": ""100.0000"", ""effective_date"": ""2026-09-27"", ""is_active"": true, ""created_at"": ""2026-09-27T16:26:07.948810Z"", ""updated_at"": ""2026-09-27T16:26:07.948810Z""}, {""id"": 5, ""fee_type"": ""INTL_SHIPPING_FEE"", ""description"": ""Từ 100 - dưới 500 kg"", ""value"": ""22000.0000"", ""unit"": ""VND_PER_KG"", ""tier_min"": ""100.0000"", ""tier_max"": ""500.0000"", ""effective_date"": ""2026-09-27"", ""is_active"": true, ""created_at"": ""2026-09-27T16:26:07.948810Z"", ""updated_at"": ""2026-09-27T16:26:07.948810Z""}, {""id"": 6, ""fee_type"": ""INTL_SHIPPING_FEE"", ""description"": ""Từ 500 kg"", ""value"": ""20000.0000"", ""unit"": ""VND_PER_KG"", ""tier_min"": ""500.0000"", ""tier_max"": null, ""effective_date"": ""2026-09-27"", ""is_active"": true, ""created_at"": ""2026-09-27T16:26:07.948810Z"", ""updated_at"": ""2026-09-27T16:26:07.948810Z""}, {""id"": 7, ""fee_type"": ""INTL_SHIPPING_FEE"", ""description"": ""Hàng cồng kềnh tính theo m3"", ""value"": ""4000000.0000"", ""unit"": ""VND_PER_M3"", ""tier_min"": null, ""tier_max"": null, ""effective_date"": ""2026-09-27"", ""is_active"": true, ""created_at"": ""2026-09-27T16:26:07.948810Z"", ""updated_at"": ""2026-09-27T16:26:07.948810Z""}, {""id"": 1, ""fee_type"": ""PURCHASE_SERVICE_FEE"", ""description"": ""Đơn dưới 10 triệu"", ""value"": ""3.0000"", ""unit"": ""PERCENT"", ""tier_min"": ""0.0000"", ""tier_max"": ""10000000.0000"", ""effective_date"": ""2026-09-27"", ""is_active"": true, ""created_at"": ""2026-09-27T16:26:07.948810Z"", ""updated_at"": ""2026-09-27T16:26:07.948810Z""}, {""id"": 2, ""fee_type"": ""PURCHASE_SERVICE_FEE"", ""description"": ""Đơn từ 10 - dưới 50 triệu"", ""value"": ""2.0000"", ""unit"": ""PERCENT"", ""tier_min"": ""10000000.0000"", ""tier_max"": ""50000000.0000"", ""effective_date"": ""2026-09-27"", ""is_active"": true, ""created_at"": ""2026-09-27T16:26:07.948810Z"", ""updated_at"": ""2026-09-27T16:26:07.948810Z""}, {""id"": 3, ""fee_type"": ""PURCHASE_SERVICE_FEE"", ""description"": ""Đơn từ 50 triệu"", ""value"": ""1.0000"", ""unit"": ""PERCENT"", ""tier_min"": ""50000000.0000"", ""tier_max"": null, ""effective_date"": ""2026-09-27"", ""is_active"": true, ""created_at"": ""2026-09-27T16:26:07.948810Z"", ""updated_at"": ""2026-09-27T16:26:07.948810Z""}, {""id"": 16, ""fee_type"": ""TEST_FEE"", ""description"": null, ""value"": ""5.0000"", ""unit"": ""PERCENT"", ""tier_min"": null, ""tier_max"": null, ""effective_date"": ""2026-09-27"", ""is_active"": true, ""created_at"": ""2026-09-27T16:26:25.113630Z"", ""updated_at"": ""2026-09-27T16:26:25.113631Z""}, {""id"": 9, ""fee_type"": ""WOODEN_CRATE_FEE"", ""description"": ""Đóng gỗ"", ""value"": ""150000.0000"", ""unit"": ""VND_PER_PACKAGE"", ""tier_min"": null, ""tier_max"": null, ""effective_date"": ""2026-09-27"", ""is_active"": true, ""created_at"": ""2026-09-27T16:26:07.948810Z"", ""updated_at"": ""2026-09-27T16:26:07.948810Z""}]",[]
12. Khách xem phí [200],GET,/api/v1/fee-configs,200,200,25,True,,"[{""id"": 8, ""fee_type"": ""INSPECTION_FEE"", ""description"": ""Kiểm đếm cơ bản"", ""value"": ""1000.0000"", ""unit"": ""VND_PER_ITEM"", ""tier_min"": null, ""tier_max"": null, ""effective_date"": ""2026-09-27"", ""is_active"": true, ""created_at"": ""2026-09-27T16:26:07.948810Z"", ""updated_at"": ""2026-09-27T16:26:07.948810Z""}, {""id"": 4, ""fee_type"": ""INTL_SHIPPING_FEE"", ""description"": ""Dưới 100 kg"", ""value"": ""25000.0000"", ""unit"": ""VND_PER_KG"", ""tier_min"": ""0.0000"", ""tier_max"": ""100.0000"", ""effective_date"": ""2026-09-27"", ""is_active"": true, ""created_at"": ""2026-09-27T16:26:07.948810Z"", ""updated_at"": ""2026-09-27T16:26:07.948810Z""}, {""id"": 5, ""fee_type"": ""INTL_SHIPPING_FEE"", ""description"": ""Từ 100 - dưới 500 kg"", ""value"": ""22000.0000"", ""unit"": ""VND_PER_KG"", ""tier_min"": ""100.0000"", ""tier_max"": ""500.0000"", ""effective_date"": ""2026-09-27"", ""is_active"": true, ""created_at"": ""2026-09-27T16:26:07.948810Z"", ""updated_at"": ""2026-09-27T16:26:07.948810Z""}, {""id"": 6, ""fee_type"": ""INTL_SHIPPING_FEE"", ""description"": ""Từ 500 kg"", ""value"": ""20000.0000"", ""unit"": ""VND_PER_KG"", ""tier_min"": ""500.0000"", ""tier_max"": null, ""effective_date"": ""2026-09-27"", ""is_active"": true, ""created_at"": ""2026-09-27T16:26:07.948810Z"", ""updated_at"": ""2026-09-27T16:26:07.948810Z""}, {""id"": 7, ""fee_type"": ""INTL_SHIPPING_FEE"", ""description"": ""Hàng cồng kềnh tính theo m3"", ""value"": ""4000000.0000"", ""unit"": ""VND_PER_M3"", ""tier_min"": null, ""tier_max"": null, ""effective_date"": ""2026-09-27"", ""is_active"": true, ""created_at"": ""2026-09-27T16:26:07.948810Z"", ""updated_at"": ""2026-09-27T16:26:07.948810Z""}, {""id"": 1, ""fee_type"": ""PURCHASE_SERVICE_FEE"", ""description"": ""Đơn dưới 10 triệu"", ""value"": ""3.0000"", ""unit"": ""PERCENT"", ""tier_min"": ""0.0000"", ""tier_max"": ""10000000.0000"", ""effective_date"": ""2026-09-27"", ""is_active"": true, ""created_at"": ""2026-09-27T16:26:07.948810Z"", ""updated_at"": ""2026-09-27T16:26:07.948810Z""}, {""id"": 2, ""fee_type"": ""PURCHASE_SERVICE_FEE"", ""description"": ""Đơn từ 10 - dưới 50 triệu"", ""value"": ""2.0000"", ""unit"": ""PERCENT"", ""tier_min"": ""10000000.0000"", ""tier_max"": ""50000000.0000"", ""effective_date"": ""2026-09-27"", ""is_active"": true, ""created_at"": ""2026-09-27T16:26:07.948810Z"", ""updated_at"": ""2026-09-27T16:26:07.948810Z""}, {""id"": 3, ""fee_type"": ""PURCHASE_SERVICE_FEE"", ""description"": ""Đơn từ 50 triệu"", ""value"": ""1.0000"", ""unit"": ""PERCENT"", ""tier_min"": ""50000000.0000"", ""tier_max"": null, ""effective_date"": ""2026-09-27"", ""is_active"": true, ""created_at"": ""2026-09-27T16:26:07.948810Z"", ""updated_at"": ""2026-09-27T16:26:07.948810Z""}, {""id"": 16, ""fee_type"": ""TEST_FEE"", ""description"": null, ""value"": ""5.0000"", ""unit"": ""PERCENT"", ""tier_min"": null, ""tier_max"": null, ""effective_date"": ""2026-09-27"", ""is_active"": true, ""created_at"": ""2026-09-27T16:26:25.113630Z"", ""updated_at"": ""2026-09-27T16:26:25.113631Z""}, {""id"": 9, ""fee_type"": ""WOODEN_CRATE_FEE"", ""description"": ""Đóng gỗ"", ""value"": ""150000.0000"", ""unit"": ""VND_PER_PACKAGE"", ""tier_min"": null, ""tier_max"": null, ""effective_date"": ""2026-09-27"", ""is_active"": true, ""created_at"": ""2026-09-27T16:26:07.948810Z"", ""updated_at"": ""2026-09-27T16:26:07.948810Z""}]",[]
13. Lọc phí test [200],GET,/api/v1/fee-configs,200,200,19,True,,"[{""id"": 16, ""fee_type"": ""TEST_FEE"", ""description"": null, ""value"": ""5.0000"", ""unit"": ""PERCENT"", ""tier_min"": null, ""tier_max"": null, ""effective_date"": ""2026-09-27"", ""is_active"": true, ""created_at"": ""2026-09-27T16:26:25.113630Z"", ""updated_at"": ""2026-09-27T16:26:25.113631Z""}]",[]
14. Phí không tồn tại [200],GET,/api/v1/fee-configs,200,200,5,True,,[],[]
15. Cả phí ngừng dùng [200],GET,/api/v1/fee-configs,200,200,4,True,,"[{""id"": 8, ""fee_type"": ""INSPECTION_FEE"", ""description"": ""Kiểm đếm cơ bản"", ""value"": ""1000.0000"", ""unit"": ""VND_PER_ITEM"", ""tier_min"": null, ""tier_max"": null, ""effective_date"": ""2026-09-27"", ""is_active"": true, ""created_at"": ""2026-09-27T16:26:07.948810Z"", ""updated_at"": ""2026-09-27T16:26:07.948810Z""}, {""id"": 4, ""fee_type"": ""INTL_SHIPPING_FEE"", ""description"": ""Dưới 100 kg"", ""value"": ""25000.0000"", ""unit"": ""VND_PER_KG"", ""tier_min"": ""0.0000"", ""tier_max"": ""100.0000"", ""effective_date"": ""2026-09-27"", ""is_active"": true, ""created_at"": ""2026-09-27T16:26:07.948810Z"", ""updated_at"": ""2026-09-27T16:26:07.948810Z""}, {""id"": 5, ""fee_type"": ""INTL_SHIPPING_FEE"", ""description"": ""Từ 100 - dưới 500 kg"", ""value"": ""22000.0000"", ""unit"": ""VND_PER_KG"", ""tier_min"": ""100.0000"", ""tier_max"": ""500.0000"", ""effective_date"": ""2026-09-27"", ""is_active"": true, ""created_at"": ""2026-09-27T16:26:07.948810Z"", ""updated_at"": ""2026-09-27T16:26:07.948810Z""}, {""id"": 6, ""fee_type"": ""INTL_SHIPPING_FEE"", ""description"": ""Từ 500 kg"", ""value"": ""20000.0000"", ""unit"": ""VND_PER_KG"", ""tier_min"": ""500.0000"", ""tier_max"": null, ""effective_date"": ""2026-09-27"", ""is_active"": true, ""created_at"": ""2026-09-27T16:26:07.948810Z"", ""updated_at"": ""2026-09-27T16:26:07.948810Z""}, {""id"": 7, ""fee_type"": ""INTL_SHIPPING_FEE"", ""description"": ""Hàng cồng kềnh tính theo m3"", ""value"": ""4000000.0000"", ""unit"": ""VND_PER_M3"", ""tier_min"": null, ""tier_max"": null, ""effective_date"": ""2026-09-27"", ""is_active"": true, ""created_at"": ""2026-09-27T16:26:07.948810Z"", ""updated_at"": ""2026-09-27T16:26:07.948810Z""}, {""id"": 1, ""fee_type"": ""PURCHASE_SERVICE_FEE"", ""description"": ""Đơn dưới 10 triệu"", ""value"": ""3.0000"", ""unit"": ""PERCENT"", ""tier_min"": ""0.0000"", ""tier_max"": ""10000000.0000"", ""effective_date"": ""2026-09-27"", ""is_active"": true, ""created_at"": ""2026-09-27T16:26:07.948810Z"", ""updated_at"": ""2026-09-27T16:26:07.948810Z""}, {""id"": 2, ""fee_type"": ""PURCHASE_SERVICE_FEE"", ""description"": ""Đơn từ 10 - dưới 50 triệu"", ""value"": ""2.0000"", ""unit"": ""PERCENT"", ""tier_min"": ""10000000.0000"", ""tier_max"": ""50000000.0000"", ""effective_date"": ""2026-09-27"", ""is_active"": true, ""created_at"": ""2026-09-27T16:26:07.948810Z"", ""updated_at"": ""2026-09-27T16:26:07.948810Z""}, {""id"": 3, ""fee_type"": ""PURCHASE_SERVICE_FEE"", ""description"": ""Đơn từ 50 triệu"", ""value"": ""1.0000"", ""unit"": ""PERCENT"", ""tier_min"": ""50000000.0000"", ""tier_max"": null, ""effective_date"": ""2026-09-27"", ""is_active"": true, ""created_at"": ""2026-09-27T16:26:07.948810Z"", ""updated_at"": ""2026-09-27T16:26:07.948810Z""}, {""id"": 16, ""fee_type"": ""TEST_FEE"", ""description"": null, ""value"": ""5.0000"", ""unit"": ""PERCENT"", ""tier_min"": null, ""tier_max"": null, ""effective_date"": ""2026-09-27"", ""is_active"": true, ""created_at"": ""2026-09-27T16:26:25.113630Z"", ""updated_at"": ""2026-09-27T16:26:25.113631Z""}, {""id"": 9, ""fee_type"": ""WOODEN_CRATE_FEE"", ""description"": ""Đóng gỗ"", ""value"": ""150000.0000"", ""unit"": ""VND_PER_PACKAGE"", ""tier_min"": null, ""tier_max"": null, ""effective_date"": ""2026-09-27"", ""is_active"": true, ""created_at"": ""2026-09-27T16:26:07.948810Z"", ""updated_at"": ""2026-09-27T16:26:07.948810Z""}]",[]
16. Chỉ phí đang dùng [200],GET,/api/v1/fee-configs,200,200,6,True,,"[{""id"": 8, ""fee_type"": ""INSPECTION_FEE"", ""description"": ""Kiểm đếm cơ bản"", ""value"": ""1000.0000"", ""unit"": ""VND_PER_ITEM"", ""tier_min"": null, ""tier_max"": null, ""effective_date"": ""2026-09-27"", ""is_active"": true, ""created_at"": ""2026-09-27T16:26:07.948810Z"", ""updated_at"": ""2026-09-27T16:26:07.948810Z""}, {""id"": 4, ""fee_type"": ""INTL_SHIPPING_FEE"", ""description"": ""Dưới 100 kg"", ""value"": ""25000.0000"", ""unit"": ""VND_PER_KG"", ""tier_min"": ""0.0000"", ""tier_max"": ""100.0000"", ""effective_date"": ""2026-09-27"", ""is_active"": true, ""created_at"": ""2026-09-27T16:26:07.948810Z"", ""updated_at"": ""2026-09-27T16:26:07.948810Z""}, {""id"": 5, ""fee_type"": ""INTL_SHIPPING_FEE"", ""description"": ""Từ 100 - dưới 500 kg"", ""value"": ""22000.0000"", ""unit"": ""VND_PER_KG"", ""tier_min"": ""100.0000"", ""tier_max"": ""500.0000"", ""effective_date"": ""2026-09-27"", ""is_active"": true, ""created_at"": ""2026-09-27T16:26:07.948810Z"", ""updated_at"": ""2026-09-27T16:26:07.948810Z""}, {""id"": 6, ""fee_type"": ""INTL_SHIPPING_FEE"", ""description"": ""Từ 500 kg"", ""value"": ""20000.0000"", ""unit"": ""VND_PER_KG"", ""tier_min"": ""500.0000"", ""tier_max"": null, ""effective_date"": ""2026-09-27"", ""is_active"": true, ""created_at"": ""2026-09-27T16:26:07.948810Z"", ""updated_at"": ""2026-09-27T16:26:07.948810Z""}, {""id"": 7, ""fee_type"": ""INTL_SHIPPING_FEE"", ""description"": ""Hàng cồng kềnh tính theo m3"", ""value"": ""4000000.0000"", ""unit"": ""VND_PER_M3"", ""tier_min"": null, ""tier_max"": null, ""effective_date"": ""2026-09-27"", ""is_active"": true, ""created_at"": ""2026-09-27T16:26:07.948810Z"", ""updated_at"": ""2026-09-27T16:26:07.948810Z""}, {""id"": 1, ""fee_type"": ""PURCHASE_SERVICE_FEE"", ""description"": ""Đơn dưới 10 triệu"", ""value"": ""3.0000"", ""unit"": ""PERCENT"", ""tier_min"": ""0.0000"", ""tier_max"": ""10000000.0000"", ""effective_date"": ""2026-09-27"", ""is_active"": true, ""created_at"": ""2026-09-27T16:26:07.948810Z"", ""updated_at"": ""2026-09-27T16:26:07.948810Z""}, {""id"": 2, ""fee_type"": ""PURCHASE_SERVICE_FEE"", ""description"": ""Đơn từ 10 - dưới 50 triệu"", ""value"": ""2.0000"", ""unit"": ""PERCENT"", ""tier_min"": ""10000000.0000"", ""tier_max"": ""50000000.0000"", ""effective_date"": ""2026-09-27"", ""is_active"": true, ""created_at"": ""2026-09-27T16:26:07.948810Z"", ""updated_at"": ""2026-09-27T16:26:07.948810Z""}, {""id"": 3, ""fee_type"": ""PURCHASE_SERVICE_FEE"", ""description"": ""Đơn từ 50 triệu"", ""value"": ""1.0000"", ""unit"": ""PERCENT"", ""tier_min"": ""50000000.0000"", ""tier_max"": null, ""effective_date"": ""2026-09-27"", ""is_active"": true, ""created_at"": ""2026-09-27T16:26:07.948810Z"", ""updated_at"": ""2026-09-27T16:26:07.948810Z""}, {""id"": 16, ""fee_type"": ""TEST_FEE"", ""description"": null, ""value"": ""5.0000"", ""unit"": ""PERCENT"", ""tier_min"": null, ""tier_max"": null, ""effective_date"": ""2026-09-27"", ""is_active"": true, ""created_at"": ""2026-09-27T16:26:25.113630Z"", ""updated_at"": ""2026-09-27T16:26:25.113631Z""}, {""id"": 9, ""fee_type"": ""WOODEN_CRATE_FEE"", ""description"": ""Đóng gỗ"", ""value"": ""150000.0000"", ""unit"": ""VND_PER_PACKAGE"", ""tier_min"": null, ""tier_max"": null, ""effective_date"": ""2026-09-27"", ""is_active"": true, ""created_at"": ""2026-09-27T16:26:07.948810Z"", ""updated_at"": ""2026-09-27T16:26:07.948810Z""}]",[]
17. active_only sai kiểu [422],GET,/api/v1/fee-configs,422,422,6,True,,"{""detail"": [{""type"": ""bool_parsing"", ""loc"": [""query"", ""active_only""], ""msg"": ""Input should be a valid boolean, unable to interpret input"", ""input"": ""wrong""}]}",[]
18. Sale xem phí [200],GET,/api/v1/fee-configs,200,200,6,True,,"[{""id"": 8, ""fee_type"": ""INSPECTION_FEE"", ""description"": ""Kiểm đếm cơ bản"", ""value"": ""1000.0000"", ""unit"": ""VND_PER_ITEM"", ""tier_min"": null, ""tier_max"": null, ""effective_date"": ""2026-09-27"", ""is_active"": true, ""created_at"": ""2026-09-27T16:26:07.948810Z"", ""updated_at"": ""2026-09-27T16:26:07.948810Z""}, {""id"": 4, ""fee_type"": ""INTL_SHIPPING_FEE"", ""description"": ""Dưới 100 kg"", ""value"": ""25000.0000"", ""unit"": ""VND_PER_KG"", ""tier_min"": ""0.0000"", ""tier_max"": ""100.0000"", ""effective_date"": ""2026-09-27"", ""is_active"": true, ""created_at"": ""2026-09-27T16:26:07.948810Z"", ""updated_at"": ""2026-09-27T16:26:07.948810Z""}, {""id"": 5, ""fee_type"": ""INTL_SHIPPING_FEE"", ""description"": ""Từ 100 - dưới 500 kg"", ""value"": ""22000.0000"", ""unit"": ""VND_PER_KG"", ""tier_min"": ""100.0000"", ""tier_max"": ""500.0000"", ""effective_date"": ""2026-09-27"", ""is_active"": true, ""created_at"": ""2026-09-27T16:26:07.948810Z"", ""updated_at"": ""2026-09-27T16:26:07.948810Z""}, {""id"": 6, ""fee_type"": ""INTL_SHIPPING_FEE"", ""description"": ""Từ 500 kg"", ""value"": ""20000.0000"", ""unit"": ""VND_PER_KG"", ""tier_min"": ""500.0000"", ""tier_max"": null, ""effective_date"": ""2026-09-27"", ""is_active"": true, ""created_at"": ""2026-09-27T16:26:07.948810Z"", ""updated_at"": ""2026-09-27T16:26:07.948810Z""}, {""id"": 7, ""fee_type"": ""INTL_SHIPPING_FEE"", ""description"": ""Hàng cồng kềnh tính theo m3"", ""value"": ""4000000.0000"", ""unit"": ""VND_PER_M3"", ""tier_min"": null, ""tier_max"": null, ""effective_date"": ""2026-09-27"", ""is_active"": true, ""created_at"": ""2026-09-27T16:26:07.948810Z"", ""updated_at"": ""2026-09-27T16:26:07.948810Z""}, {""id"": 1, ""fee_type"": ""PURCHASE_SERVICE_FEE"", ""description"": ""Đơn dưới 10 triệu"", ""value"": ""3.0000"", ""unit"": ""PERCENT"", ""tier_min"": ""0.0000"", ""tier_max"": ""10000000.0000"", ""effective_date"": ""2026-09-27"", ""is_active"": true, ""created_at"": ""2026-09-27T16:26:07.948810Z"", ""updated_at"": ""2026-09-27T16:26:07.948810Z""}, {""id"": 2, ""fee_type"": ""PURCHASE_SERVICE_FEE"", ""description"": ""Đơn từ 10 - dưới 50 triệu"", ""value"": ""2.0000"", ""unit"": ""PERCENT"", ""tier_min"": ""10000000.0000"", ""tier_max"": ""50000000.0000"", ""effective_date"": ""2026-09-27"", ""is_active"": true, ""created_at"": ""2026-09-27T16:26:07.948810Z"", ""updated_at"": ""2026-09-27T16:26:07.948810Z""}, {""id"": 3, ""fee_type"": ""PURCHASE_SERVICE_FEE"", ""description"": ""Đơn từ 50 triệu"", ""value"": ""1.0000"", ""unit"": ""PERCENT"", ""tier_min"": ""50000000.0000"", ""tier_max"": null, ""effective_date"": ""2026-09-27"", ""is_active"": true, ""created_at"": ""2026-09-27T16:26:07.948810Z"", ""updated_at"": ""2026-09-27T16:26:07.948810Z""}, {""id"": 16, ""fee_type"": ""TEST_FEE"", ""description"": null, ""value"": ""5.0000"", ""unit"": ""PERCENT"", ""tier_min"": null, ""tier_max"": null, ""effective_date"": ""2026-09-27"", ""is_active"": true, ""created_at"": ""2026-09-27T16:26:25.113630Z"", ""updated_at"": ""2026-09-27T16:26:25.113631Z""}, {""id"": 9, ""fee_type"": ""WOODEN_CRATE_FEE"", ""description"": ""Đóng gỗ"", ""value"": ""150000.0000"", ""unit"": ""VND_PER_PACKAGE"", ""tier_min"": null, ""tier_max"": null, ""effective_date"": ""2026-09-27"", ""is_active"": true, ""created_at"": ""2026-09-27T16:26:07.948810Z"", ""updated_at"": ""2026-09-27T16:26:07.948810Z""}]",[]
19. Quên token [401],GET,/api/v1/fee-configs,401,401,1,True,,"{""detail"": ""Not authenticated""}",[]
20. Token giả [401],GET,/api/v1/fee-configs,401,401,2,True,,"{""detail"": ""Token không hợp lệ""}",[]
21. Phí hiện hành [200],GET,/api/v1/fee-configs/current,200,200,10,True,,"[{""id"": 8, ""fee_type"": ""INSPECTION_FEE"", ""description"": ""Kiểm đếm cơ bản"", ""value"": ""1000.0000"", ""unit"": ""VND_PER_ITEM"", ""tier_min"": null, ""tier_max"": null, ""effective_date"": ""2026-09-27"", ""is_active"": true, ""created_at"": ""2026-09-27T16:26:07.948810Z"", ""updated_at"": ""2026-09-27T16:26:07.948810Z""}, {""id"": 4, ""fee_type"": ""INTL_SHIPPING_FEE"", ""description"": ""Dưới 100 kg"", ""value"": ""25000.0000"", ""unit"": ""VND_PER_KG"", ""tier_min"": ""0.0000"", ""tier_max"": ""100.0000"", ""effective_date"": ""2026-09-27"", ""is_active"": true, ""created_at"": ""2026-09-27T16:26:07.948810Z"", ""updated_at"": ""2026-09-27T16:26:07.948810Z""}, {""id"": 5, ""fee_type"": ""INTL_SHIPPING_FEE"", ""description"": ""Từ 100 - dưới 500 kg"", ""value"": ""22000.0000"", ""unit"": ""VND_PER_KG"", ""tier_min"": ""100.0000"", ""tier_max"": ""500.0000"", ""effective_date"": ""2026-09-27"", ""is_active"": true, ""created_at"": ""2026-09-27T16:26:07.948810Z"", ""updated_at"": ""2026-09-27T16:26:07.948810Z""}, {""id"": 6, ""fee_type"": ""INTL_SHIPPING_FEE"", ""description"": ""Từ 500 kg"", ""value"": ""20000.0000"", ""unit"": ""VND_PER_KG"", ""tier_min"": ""500.0000"", ""tier_max"": null, ""effective_date"": ""2026-09-27"", ""is_active"": true, ""created_at"": ""2026-09-27T16:26:07.948810Z"", ""updated_at"": ""2026-09-27T16:26:07.948810Z""}, {""id"": 7, ""fee_type"": ""INTL_SHIPPING_FEE"", ""description"": ""Hàng cồng kềnh tính theo m3"", ""value"": ""4000000.0000"", ""unit"": ""VND_PER_M3"", ""tier_min"": null, ""tier_max"": null, ""effective_date"": ""2026-09-27"", ""is_active"": true, ""created_at"": ""2026-09-27T16:26:07.948810Z"", ""updated_at"": ""2026-09-27T16:26:07.948810Z""}, {""id"": 1, ""fee_type"": ""PURCHASE_SERVICE_FEE"", ""description"": ""Đơn dưới 10 triệu"", ""value"": ""3.0000"", ""unit"": ""PERCENT"", ""tier_min"": ""0.0000"", ""tier_max"": ""10000000.0000"", ""effective_date"": ""2026-09-27"", ""is_active"": true, ""created_at"": ""2026-09-27T16:26:07.948810Z"", ""updated_at"": ""2026-09-27T16:26:07.948810Z""}, {""id"": 2, ""fee_type"": ""PURCHASE_SERVICE_FEE"", ""description"": ""Đơn từ 10 - dưới 50 triệu"", ""value"": ""2.0000"", ""unit"": ""PERCENT"", ""tier_min"": ""10000000.0000"", ""tier_max"": ""50000000.0000"", ""effective_date"": ""2026-09-27"", ""is_active"": true, ""created_at"": ""2026-09-27T16:26:07.948810Z"", ""updated_at"": ""2026-09-27T16:26:07.948810Z""}, {""id"": 3, ""fee_type"": ""PURCHASE_SERVICE_FEE"", ""description"": ""Đơn từ 50 triệu"", ""value"": ""1.0000"", ""unit"": ""PERCENT"", ""tier_min"": ""50000000.0000"", ""tier_max"": null, ""effective_date"": ""2026-09-27"", ""is_active"": true, ""created_at"": ""2026-09-27T16:26:07.948810Z"", ""updated_at"": ""2026-09-27T16:26:07.948810Z""}, {""id"": 16, ""fee_type"": ""TEST_FEE"", ""description"": null, ""value"": ""5.0000"", ""unit"": ""PERCENT"", ""tier_min"": null, ""tier_max"": null, ""effective_date"": ""2026-09-27"", ""is_active"": true, ""created_at"": ""2026-09-27T16:26:25.113630Z"", ""updated_at"": ""2026-09-27T16:26:25.113631Z""}, {""id"": 9, ""fee_type"": ""WOODEN_CRATE_FEE"", ""description"": ""Đóng gỗ"", ""value"": ""150000.0000"", ""unit"": ""VND_PER_PACKAGE"", ""tier_min"": null, ""tier_max"": null, ""effective_date"": ""2026-09-27"", ""is_active"": true, ""created_at"": ""2026-09-27T16:26:07.948810Z"", ""updated_at"": ""2026-09-27T16:26:07.948810Z""}]",[]
22. Phí theo loại [200],GET,/api/v1/fee-configs/current,200,200,7,True,,"[{""id"": 16, ""fee_type"": ""TEST_FEE"", ""description"": null, ""value"": ""5.0000"", ""unit"": ""PERCENT"", ""tier_min"": null, ""tier_max"": null, ""effective_date"": ""2026-09-27"", ""is_active"": true, ""created_at"": ""2026-09-27T16:26:25.113630Z"", ""updated_at"": ""2026-09-27T16:26:25.113631Z""}]",[]
23. Phí tại ngày cũ [200],GET,/api/v1/fee-configs/current,200,200,8,True,,[],[]
24. Phí tại ngày tương lai [200],GET,/api/v1/fee-configs/current,200,200,7,True,,"[{""id"": 8, ""fee_type"": ""INSPECTION_FEE"", ""description"": ""Kiểm đếm cơ bản"", ""value"": ""1000.0000"", ""unit"": ""VND_PER_ITEM"", ""tier_min"": null, ""tier_max"": null, ""effective_date"": ""2026-09-27"", ""is_active"": true, ""created_at"": ""2026-09-27T16:26:07.948810Z"", ""updated_at"": ""2026-09-27T16:26:07.948810Z""}, {""id"": 4, ""fee_type"": ""INTL_SHIPPING_FEE"", ""description"": ""Dưới 100 kg"", ""value"": ""25000.0000"", ""unit"": ""VND_PER_KG"", ""tier_min"": ""0.0000"", ""tier_max"": ""100.0000"", ""effective_date"": ""2026-09-27"", ""is_active"": true, ""created_at"": ""2026-09-27T16:26:07.948810Z"", ""updated_at"": ""2026-09-27T16:26:07.948810Z""}, {""id"": 5, ""fee_type"": ""INTL_SHIPPING_FEE"", ""description"": ""Từ 100 - dưới 500 kg"", ""value"": ""22000.0000"", ""unit"": ""VND_PER_KG"", ""tier_min"": ""100.0000"", ""tier_max"": ""500.0000"", ""effective_date"": ""2026-09-27"", ""is_active"": true, ""created_at"": ""2026-09-27T16:26:07.948810Z"", ""updated_at"": ""2026-09-27T16:26:07.948810Z""}, {""id"": 6, ""fee_type"": ""INTL_SHIPPING_FEE"", ""description"": ""Từ 500 kg"", ""value"": ""20000.0000"", ""unit"": ""VND_PER_KG"", ""tier_min"": ""500.0000"", ""tier_max"": null, ""effective_date"": ""2026-09-27"", ""is_active"": true, ""created_at"": ""2026-09-27T16:26:07.948810Z"", ""updated_at"": ""2026-09-27T16:26:07.948810Z""}, {""id"": 7, ""fee_type"": ""INTL_SHIPPING_FEE"", ""description"": ""Hàng cồng kềnh tính theo m3"", ""value"": ""4000000.0000"", ""unit"": ""VND_PER_M3"", ""tier_min"": null, ""tier_max"": null, ""effective_date"": ""2026-09-27"", ""is_active"": true, ""created_at"": ""2026-09-27T16:26:07.948810Z"", ""updated_at"": ""2026-09-27T16:26:07.948810Z""}, {""id"": 1, ""fee_type"": ""PURCHASE_SERVICE_FEE"", ""description"": ""Đơn dưới 10 triệu"", ""value"": ""3.0000"", ""unit"": ""PERCENT"", ""tier_min"": ""0.0000"", ""tier_max"": ""10000000.0000"", ""effective_date"": ""2026-09-27"", ""is_active"": true, ""created_at"": ""2026-09-27T16:26:07.948810Z"", ""updated_at"": ""2026-09-27T16:26:07.948810Z""}, {""id"": 2, ""fee_type"": ""PURCHASE_SERVICE_FEE"", ""description"": ""Đơn từ 10 - dưới 50 triệu"", ""value"": ""2.0000"", ""unit"": ""PERCENT"", ""tier_min"": ""10000000.0000"", ""tier_max"": ""50000000.0000"", ""effective_date"": ""2026-09-27"", ""is_active"": true, ""created_at"": ""2026-09-27T16:26:07.948810Z"", ""updated_at"": ""2026-09-27T16:26:07.948810Z""}, {""id"": 3, ""fee_type"": ""PURCHASE_SERVICE_FEE"", ""description"": ""Đơn từ 50 triệu"", ""value"": ""1.0000"", ""unit"": ""PERCENT"", ""tier_min"": ""50000000.0000"", ""tier_max"": null, ""effective_date"": ""2026-09-27"", ""is_active"": true, ""created_at"": ""2026-09-27T16:26:07.948810Z"", ""updated_at"": ""2026-09-27T16:26:07.948810Z""}, {""id"": 16, ""fee_type"": ""TEST_FEE"", ""description"": null, ""value"": ""5.0000"", ""unit"": ""PERCENT"", ""tier_min"": null, ""tier_max"": null, ""effective_date"": ""2026-09-27"", ""is_active"": true, ""created_at"": ""2026-09-27T16:26:25.113630Z"", ""updated_at"": ""2026-09-27T16:26:25.113631Z""}, {""id"": 9, ""fee_type"": ""WOODEN_CRATE_FEE"", ""description"": ""Đóng gỗ"", ""value"": ""150000.0000"", ""unit"": ""VND_PER_PACKAGE"", ""tier_min"": null, ""tier_max"": null, ""effective_date"": ""2026-09-27"", ""is_active"": true, ""created_at"": ""2026-09-27T16:26:07.948810Z"", ""updated_at"": ""2026-09-27T16:26:07.948810Z""}]",[]
25. Ngày sai định dạng [422],GET,/api/v1/fee-configs/current,422,422,6,True,,"{""detail"": [{""type"": ""date_from_datetime_parsing"", ""loc"": [""query"", ""on_date""], ""msg"": ""Input should be a valid date or datetime, input is too short"", ""input"": ""abc"", ""ctx"": {""error"": ""input is too short""}}]}",[]
26. Ngày không tồn tại [422],GET,/api/v1/fee-configs/current,422,422,6,True,,"{""detail"": [{""type"": ""date_from_datetime_parsing"", ""loc"": [""query"", ""on_date""], ""msg"": ""Input should be a valid date or datetime, day value is outside expected range"", ""input"": ""2026-02-30"", ""ctx"": {""error"": ""day value is outside expected range""}}]}",[]
27. Khách xem phí [200],GET,/api/v1/fee-configs/current,200,200,7,True,,"[{""id"": 8, ""fee_type"": ""INSPECTION_FEE"", ""description"": ""Kiểm đếm cơ bản"", ""value"": ""1000.0000"", ""unit"": ""VND_PER_ITEM"", ""tier_min"": null, ""tier_max"": null, ""effective_date"": ""2026-09-27"", ""is_active"": true, ""created_at"": ""2026-09-27T16:26:07.948810Z"", ""updated_at"": ""2026-09-27T16:26:07.948810Z""}, {""id"": 4, ""fee_type"": ""INTL_SHIPPING_FEE"", ""description"": ""Dưới 100 kg"", ""value"": ""25000.0000"", ""unit"": ""VND_PER_KG"", ""tier_min"": ""0.0000"", ""tier_max"": ""100.0000"", ""effective_date"": ""2026-09-27"", ""is_active"": true, ""created_at"": ""2026-09-27T16:26:07.948810Z"", ""updated_at"": ""2026-09-27T16:26:07.948810Z""}, {""id"": 5, ""fee_type"": ""INTL_SHIPPING_FEE"", ""description"": ""Từ 100 - dưới 500 kg"", ""value"": ""22000.0000"", ""unit"": ""VND_PER_KG"", ""tier_min"": ""100.0000"", ""tier_max"": ""500.0000"", ""effective_date"": ""2026-09-27"", ""is_active"": true, ""created_at"": ""2026-09-27T16:26:07.948810Z"", ""updated_at"": ""2026-09-27T16:26:07.948810Z""}, {""id"": 6, ""fee_type"": ""INTL_SHIPPING_FEE"", ""description"": ""Từ 500 kg"", ""value"": ""20000.0000"", ""unit"": ""VND_PER_KG"", ""tier_min"": ""500.0000"", ""tier_max"": null, ""effective_date"": ""2026-09-27"", ""is_active"": true, ""created_at"": ""2026-09-27T16:26:07.948810Z"", ""updated_at"": ""2026-09-27T16:26:07.948810Z""}, {""id"": 7, ""fee_type"": ""INTL_SHIPPING_FEE"", ""description"": ""Hàng cồng kềnh tính theo m3"", ""value"": ""4000000.0000"", ""unit"": ""VND_PER_M3"", ""tier_min"": null, ""tier_max"": null, ""effective_date"": ""2026-09-27"", ""is_active"": true, ""created_at"": ""2026-09-27T16:26:07.948810Z"", ""updated_at"": ""2026-09-27T16:26:07.948810Z""}, {""id"": 1, ""fee_type"": ""PURCHASE_SERVICE_FEE"", ""description"": ""Đơn dưới 10 triệu"", ""value"": ""3.0000"", ""unit"": ""PERCENT"", ""tier_min"": ""0.0000"", ""tier_max"": ""10000000.0000"", ""effective_date"": ""2026-09-27"", ""is_active"": true, ""created_at"": ""2026-09-27T16:26:07.948810Z"", ""updated_at"": ""2026-09-27T16:26:07.948810Z""}, {""id"": 2, ""fee_type"": ""PURCHASE_SERVICE_FEE"", ""description"": ""Đơn từ 10 - dưới 50 triệu"", ""value"": ""2.0000"", ""unit"": ""PERCENT"", ""tier_min"": ""10000000.0000"", ""tier_max"": ""50000000.0000"", ""effective_date"": ""2026-09-27"", ""is_active"": true, ""created_at"": ""2026-09-27T16:26:07.948810Z"", ""updated_at"": ""2026-09-27T16:26:07.948810Z""}, {""id"": 3, ""fee_type"": ""PURCHASE_SERVICE_FEE"", ""description"": ""Đơn từ 50 triệu"", ""value"": ""1.0000"", ""unit"": ""PERCENT"", ""tier_min"": ""50000000.0000"", ""tier_max"": null, ""effective_date"": ""2026-09-27"", ""is_active"": true, ""created_at"": ""2026-09-27T16:26:07.948810Z"", ""updated_at"": ""2026-09-27T16:26:07.948810Z""}, {""id"": 16, ""fee_type"": ""TEST_FEE"", ""description"": null, ""value"": ""5.0000"", ""unit"": ""PERCENT"", ""tier_min"": null, ""tier_max"": null, ""effective_date"": ""2026-09-27"", ""is_active"": true, ""created_at"": ""2026-09-27T16:26:25.113630Z"", ""updated_at"": ""2026-09-27T16:26:25.113631Z""}, {""id"": 9, ""fee_type"": ""WOODEN_CRATE_FEE"", ""description"": ""Đóng gỗ"", ""value"": ""150000.0000"", ""unit"": ""VND_PER_PACKAGE"", ""tier_min"": null, ""tier_max"": null, ""effective_date"": ""2026-09-27"", ""is_active"": true, ""created_at"": ""2026-09-27T16:26:07.948810Z"", ""updated_at"": ""2026-09-27T16:26:07.948810Z""}]",[]
28. Sale xem phí [200],GET,/api/v1/fee-configs/current,200,200,6,True,,"[{""id"": 8, ""fee_type"": ""INSPECTION_FEE"", ""description"": ""Kiểm đếm cơ bản"", ""value"": ""1000.0000"", ""unit"": ""VND_PER_ITEM"", ""tier_min"": null, ""tier_max"": null, ""effective_date"": ""2026-09-27"", ""is_active"": true, ""created_at"": ""2026-09-27T16:26:07.948810Z"", ""updated_at"": ""2026-09-27T16:26:07.948810Z""}, {""id"": 4, ""fee_type"": ""INTL_SHIPPING_FEE"", ""description"": ""Dưới 100 kg"", ""value"": ""25000.0000"", ""unit"": ""VND_PER_KG"", ""tier_min"": ""0.0000"", ""tier_max"": ""100.0000"", ""effective_date"": ""2026-09-27"", ""is_active"": true, ""created_at"": ""2026-09-27T16:26:07.948810Z"", ""updated_at"": ""2026-09-27T16:26:07.948810Z""}, {""id"": 5, ""fee_type"": ""INTL_SHIPPING_FEE"", ""description"": ""Từ 100 - dưới 500 kg"", ""value"": ""22000.0000"", ""unit"": ""VND_PER_KG"", ""tier_min"": ""100.0000"", ""tier_max"": ""500.0000"", ""effective_date"": ""2026-09-27"", ""is_active"": true, ""created_at"": ""2026-09-27T16:26:07.948810Z"", ""updated_at"": ""2026-09-27T16:26:07.948810Z""}, {""id"": 6, ""fee_type"": ""INTL_SHIPPING_FEE"", ""description"": ""Từ 500 kg"", ""value"": ""20000.0000"", ""unit"": ""VND_PER_KG"", ""tier_min"": ""500.0000"", ""tier_max"": null, ""effective_date"": ""2026-09-27"", ""is_active"": true, ""created_at"": ""2026-09-27T16:26:07.948810Z"", ""updated_at"": ""2026-09-27T16:26:07.948810Z""}, {""id"": 7, ""fee_type"": ""INTL_SHIPPING_FEE"", ""description"": ""Hàng cồng kềnh tính theo m3"", ""value"": ""4000000.0000"", ""unit"": ""VND_PER_M3"", ""tier_min"": null, ""tier_max"": null, ""effective_date"": ""2026-09-27"", ""is_active"": true, ""created_at"": ""2026-09-27T16:26:07.948810Z"", ""updated_at"": ""2026-09-27T16:26:07.948810Z""}, {""id"": 1, ""fee_type"": ""PURCHASE_SERVICE_FEE"", ""description"": ""Đơn dưới 10 triệu"", ""value"": ""3.0000"", ""unit"": ""PERCENT"", ""tier_min"": ""0.0000"", ""tier_max"": ""10000000.0000"", ""effective_date"": ""2026-09-27"", ""is_active"": true, ""created_at"": ""2026-09-27T16:26:07.948810Z"", ""updated_at"": ""2026-09-27T16:26:07.948810Z""}, {""id"": 2, ""fee_type"": ""PURCHASE_SERVICE_FEE"", ""description"": ""Đơn từ 10 - dưới 50 triệu"", ""value"": ""2.0000"", ""unit"": ""PERCENT"", ""tier_min"": ""10000000.0000"", ""tier_max"": ""50000000.0000"", ""effective_date"": ""2026-09-27"", ""is_active"": true, ""created_at"": ""2026-09-27T16:26:07.948810Z"", ""updated_at"": ""2026-09-27T16:26:07.948810Z""}, {""id"": 3, ""fee_type"": ""PURCHASE_SERVICE_FEE"", ""description"": ""Đơn từ 50 triệu"", ""value"": ""1.0000"", ""unit"": ""PERCENT"", ""tier_min"": ""50000000.0000"", ""tier_max"": null, ""effective_date"": ""2026-09-27"", ""is_active"": true, ""created_at"": ""2026-09-27T16:26:07.948810Z"", ""updated_at"": ""2026-09-27T16:26:07.948810Z""}, {""id"": 16, ""fee_type"": ""TEST_FEE"", ""description"": null, ""value"": ""5.0000"", ""unit"": ""PERCENT"", ""tier_min"": null, ""tier_max"": null, ""effective_date"": ""2026-09-27"", ""is_active"": true, ""created_at"": ""2026-09-27T16:26:25.113630Z"", ""updated_at"": ""2026-09-27T16:26:25.113631Z""}, {""id"": 9, ""fee_type"": ""WOODEN_CRATE_FEE"", ""description"": ""Đóng gỗ"", ""value"": ""150000.0000"", ""unit"": ""VND_PER_PACKAGE"", ""tier_min"": null, ""tier_max"": null, ""effective_date"": ""2026-09-27"", ""is_active"": true, ""created_at"": ""2026-09-27T16:26:07.948810Z"", ""updated_at"": ""2026-09-27T16:26:07.948810Z""}]",[]
29. Quên token [401],GET,/api/v1/fee-configs/current,401,401,3,True,,"{""detail"": ""Not authenticated""}",[]
30. Token giả [401],GET,/api/v1/fee-configs/current,401,401,2,True,,"{""detail"": ""Token không hợp lệ""}",[]
31. Xem phí ID {{fee_id}} / admin [200],GET,/api/v1/fee-configs/16,200,200,7,True,,"{""id"": 16, ""fee_type"": ""TEST_FEE"", ""description"": null, ""value"": ""5.0000"", ""unit"": ""PERCENT"", ""tier_min"": null, ""tier_max"": null, ""effective_date"": ""2026-09-27"", ""is_active"": true, ""created_at"": ""2026-09-27T16:26:25.113630Z"", ""updated_at"": ""2026-09-27T16:26:25.113631Z""}",[]
32. Xem phí ID {{fee_id}} / sale [200],GET,/api/v1/fee-configs/16,200,200,8,True,,"{""id"": 16, ""fee_type"": ""TEST_FEE"", ""description"": null, ""value"": ""5.0000"", ""unit"": ""PERCENT"", ""tier_min"": null, ""tier_max"": null, ""effective_date"": ""2026-09-27"", ""is_active"": true, ""created_at"": ""2026-09-27T16:26:25.113630Z"", ""updated_at"": ""2026-09-27T16:26:25.113631Z""}",[]
33. Xem phí ID {{fee_id}} / customer [200],GET,/api/v1/fee-configs/16,200,200,8,True,,"{""id"": 16, ""fee_type"": ""TEST_FEE"", ""description"": null, ""value"": ""5.0000"", ""unit"": ""PERCENT"", ""tier_min"": null, ""tier_max"": null, ""effective_date"": ""2026-09-27"", ""is_active"": true, ""created_at"": ""2026-09-27T16:26:25.113630Z"", ""updated_at"": ""2026-09-27T16:26:25.113631Z""}",[]
34. Xem phí ID 9223372036854775806 / admin [404],GET,/api/v1/fee-configs/9223372036854775806,404,404,5,True,,"{""detail"": ""Không tìm thấy cấu hình phí""}",[]
35. Xem phí ID 0 / admin [404],GET,/api/v1/fee-configs/0,404,404,4,True,,"{""detail"": ""Không tìm thấy cấu hình phí""}",[]
36. Xem phí ID -1 / admin [404],GET,/api/v1/fee-configs/-1,404,404,7,True,,"{""detail"": ""Không tìm thấy cấu hình phí""}",[]
37. Xem phí ID abc / admin [422],GET,/api/v1/fee-configs/abc,422,422,6,True,,"{""detail"": [{""type"": ""int_parsing"", ""loc"": [""path"", ""fee_id""], ""msg"": ""Input should be a valid integer, unable to parse string as an integer"", ""input"": ""abc""}]}",[]
38. Xem phí ID 1.5 / admin [422],GET,/api/v1/fee-configs/1.5,422,422,6,True,,"{""detail"": [{""type"": ""int_parsing"", ""loc"": [""path"", ""fee_id""], ""msg"": ""Input should be a valid integer, unable to parse string as an integer"", ""input"": ""1.5""}]}",[]
39. Xem phí ID {{fee_id}} / None [401],GET,/api/v1/fee-configs/16,401,401,1,True,,"{""detail"": ""Not authenticated""}",[]
40. Xem phí ID {{fee_id}} / invalid [401],GET,/api/v1/fee-configs/16,401,401,2,True,,"{""detail"": ""Token không hợp lệ""}",[]
41. Sửa phí [200],PATCH,/api/v1/fee-configs/16,200,200,14,True,"{""value"": ""6""}","{""id"": 16, ""fee_type"": ""TEST_FEE"", ""description"": null, ""value"": ""6"", ""unit"": ""PERCENT"", ""tier_min"": null, ""tier_max"": null, ""effective_date"": ""2026-09-27"", ""is_active"": true, ""created_at"": ""2026-09-27T16:26:25.113630Z"", ""updated_at"": ""2026-09-27T16:26:25.787020Z""}",[]
42. Sửa mô tả [200],PATCH,/api/v1/fee-configs/16,200,200,12,True,"{""description"": ""Đã sửa""}","{""id"": 16, ""fee_type"": ""TEST_FEE"", ""description"": ""Đã sửa"", ""value"": ""6.0000"", ""unit"": ""PERCENT"", ""tier_min"": null, ""tier_max"": null, ""effective_date"": ""2026-09-27"", ""is_active"": true, ""created_at"": ""2026-09-27T16:26:25.113630Z"", ""updated_at"": ""2026-09-27T16:26:25.810558Z""}",[]
43. Giá trị âm [422],PATCH,/api/v1/fee-configs/16,422,422,6,True,"{""value"": ""-1""}","{""detail"": [{""type"": ""greater_than_equal"", ""loc"": [""body"", ""value""], ""msg"": ""Input should be greater than or equal to 0"", ""input"": ""-1"", ""ctx"": {""ge"": 0}}]}",[]
44. Đơn vị sai [422],PATCH,/api/v1/fee-configs/16,422,422,6,True,"{""unit"": ""BAD""}","{""detail"": [{""type"": ""enum"", ""loc"": [""body"", ""unit""], ""msg"": ""Input should be 'PERCENT', 'VND', 'VND_PER_KG', 'VND_PER_M3', 'VND_PER_ITEM' or 'VND_PER_PACKAGE'"", ""input"": ""BAD"", ""ctx"": {""expected"": ""'PERCENT', 'VND', 'VND_PER_KG', 'VND_PER_M3', 'VND_PER_ITEM' or 'VND_PER_PACKAGE'""}}]}",[]
45. Tỷ lệ quá 100 [422],PATCH,/api/v1/fee-configs/16,422,422,10,True,"{""value"": ""101""}","{""detail"": ""Phí theo % không được vượt quá 100""}",[]
46. Bậc ngược [422],PATCH,/api/v1/fee-configs/16,422,422,8,True,"{""tier_min"": ""100"", ""tier_max"": ""1""}","{""detail"": ""tier_max phải lớn hơn tier_min""}",[]
47. Không tồn tại [404],PATCH,/api/v1/fee-configs/9223372036854775806,404,404,8,True,{},"{""detail"": ""Không tìm thấy cấu hình phí""}",[]
48. Sale sửa phí [403],PATCH,/api/v1/fee-configs/16,403,403,7,True,{},"{""detail"": ""Bạn không có quyền thực hiện thao tác này""}",[]
49. Không token [401],PATCH,/api/v1/fee-configs/16,401,401,1,True,{},"{""detail"": ""Not authenticated""}",[]
50. Token sai [401],PATCH,/api/v1/fee-configs/16,401,401,1,True,{},"{""detail"": ""Token không hợp lệ""}",[]
51. Xóa phí ID 9223372036854775806 / admin [404],DELETE,/api/v1/fee-configs/9223372036854775806,404,404,8,True,,"{""detail"": ""Không tìm thấy cấu hình phí""}",[]
52. Xóa phí ID 0 / admin [404],DELETE,/api/v1/fee-configs/0,404,404,7,True,,"{""detail"": ""Không tìm thấy cấu hình phí""}",[]
53. Xóa phí ID -1 / admin [404],DELETE,/api/v1/fee-configs/-1,404,404,6,True,,"{""detail"": ""Không tìm thấy cấu hình phí""}",[]
54. Xóa phí ID abc / admin [422],DELETE,/api/v1/fee-configs/abc,422,422,4,True,,"{""detail"": [{""type"": ""int_parsing"", ""loc"": [""path"", ""fee_id""], ""msg"": ""Input should be a valid integer, unable to parse string as an integer"", ""input"": ""abc""}]}",[]
55. Xóa phí ID {{fee_id}} / sale [403],DELETE,/api/v1/fee-configs/16,403,403,6,True,,"{""detail"": ""Bạn không có quyền thực hiện thao tác này""}",[]
56. Xóa phí ID {{fee_id}} / customer [403],DELETE,/api/v1/fee-configs/16,403,403,6,True,,"{""detail"": ""Bạn không có quyền thực hiện thao tác này""}",[]
57. Xóa phí ID {{fee_id}} / None [401],DELETE,/api/v1/fee-configs/16,401,401,1,True,,"{""detail"": ""Not authenticated""}",[]
58. Xóa phí ID {{fee_id}} / invalid [401],DELETE,/api/v1/fee-configs/16,401,401,2,True,,"{""detail"": ""Token không hợp lệ""}",[]
59. Xóa phí ID {{fee_id}} / admin [204],DELETE,/api/v1/fee-configs/16,204,204,17,True,,,[]
60. Xóa phí ID {{fee_id}} / admin [204],DELETE,/api/v1/fee-configs/16,204,204,10,True,,,[]
01. Kiểm tra server và DB lần 1 [200],GET,/health,200,200,4,True,,"{""status"": ""ok"", ""database"": ""ok""}",[]
02. Kiểm tra server và DB lần 2 [200],GET,/health,200,200,4,True,,"{""status"": ""ok"", ""database"": ""ok""}",[]
03. Kiểm tra server và DB lần 3 [200],GET,/health,200,200,4,True,,"{""status"": ""ok"", ""database"": ""ok""}",[]
04. Kiểm tra server và DB lần 4 [200],GET,/health,200,200,3,True,,"{""status"": ""ok"", ""database"": ""ok""}",[]
05. Kiểm tra server và DB lần 5 [200],GET,/health,200,200,4,True,,"{""status"": ""ok"", ""database"": ""ok""}",[]
06. Kiểm tra server và DB lần 6 [200],GET,/health,200,200,4,True,,"{""status"": ""ok"", ""database"": ""ok""}",[]
07. Kiểm tra server và DB lần 7 [200],GET,/health,200,200,5,True,,"{""status"": ""ok"", ""database"": ""ok""}",[]
08. Kiểm tra server và DB lần 8 [200],GET,/health,200,200,4,True,,"{""status"": ""ok"", ""database"": ""ok""}",[]
09. Kiểm tra server và DB lần 9 [200],GET,/health,200,200,4,True,,"{""status"": ""ok"", ""database"": ""ok""}",[]
10. Kiểm tra server và DB lần 10 [200],GET,/health,200,200,5,True,,"{""status"": ""ok"", ""database"": ""ok""}",[]
